SeniorCitizen,PropertyValue,tenure,PhoneService,MonthlyCharges,TotalCharges
0,2,1,No,29.85,29.85
0,3,34,Yes,56.95,1889.5
0,4,2,Yes,53.85,108.15
0,5,45,No,42.3,1840.75
0,6,2,Yes,70.7,151.65
0,7,8,Yes,99.65,820.5
0,8,22,Yes,89.1,1949.4
0,9,10,No,29.75,301.9
0,10,28,Yes,104.8,3046.05
0,11,62,Yes,56.15,3487.95
0,12,13,Yes,49.95,587.45
0,13,16,Yes,18.95,326.8
0,14,58,Yes,100.35,5681.1
0,15,49,Yes,103.7,5036.3
0,16,25,Yes,105.5,2686.05
0,17,69,Yes,113.25,7895.15
0,18,52,Yes,20.65,1022.95
0,19,71,Yes,106.7,7382.25
0,20,10,Yes,55.2,528.35
0,21,21,Yes,90.05,1862.9
1,22,1,No,39.65,39.65
0,23,12,Yes,19.8,202.25
0,24,1,Yes,20.15,20.15
0,25,58,Yes,59.9,3505.1
0,26,49,Yes,59.6,2970.3
0,27,30,Yes,55.3,1530.6
0,28,47,Yes,99.35,4749.15
0,29,1,No,30.2,30.2
0,30,72,Yes,90.25,6369.45
0,31,17,Yes,64.7,1093.1
1,32,71,Yes,96.35,6766.95
1,33,2,Yes,95.5,181.65
0,34,27,Yes,66.15,1874.45
0,35,1,Yes,20.2,20.2
1,36,1,Yes,45.25,45.25
0,37,72,Yes,99.9,7251.7
0,38,5,Yes,69.7,316.9
0,39,46,Yes,74.8,3548.3
0,40,34,Yes,106.35,3549.25
0,41,11,Yes,97.85,1105.4
0,42,10,Yes,49.55,475.7
0,43,70,Yes,69.2,4872.35
0,44,17,Yes,20.75,418.25
0,45,63,Yes,79.85,4861.45
0,46,13,Yes,76.2,981.45
0,47,49,Yes,84.5,3906.7
0,48,2,Yes,49.25,97
0,49,2,Yes,80.65,144.15
0,50,52,Yes,79.75,4217.8
0,51,69,Yes,64.15,4254.1
1,52,43,Yes,90.25,3838.75
0,53,15,Yes,99.1,1426.4
1,54,25,Yes,69.5,1752.65
1,55,8,Yes,80.65,633.3
1,56,60,Yes,74.85,4456.35
1,57,18,Yes,95.45,1752.55
0,58,63,Yes,99.65,6311.2
1,59,66,Yes,108.45,7076.35
0,60,34,Yes,24.95,894.3
0,61,72,Yes,107.5,7853.7
0,62,47,Yes,100.5,4707.1
0,63,60,Yes,89.9,5450.7
0,64,72,No,42.1,2962
0,65,18,Yes,54.4,957.1
0,66,9,Yes,94.4,857.25
0,67,3,Yes,75.3,244.1
0,68,47,Yes,78.9,3650.35
0,69,31,Yes,79.2,2497.2
0,70,50,Yes,20.15,930.9
0,71,10,Yes,79.85,887.35
0,72,1,Yes,49.05,49.05
0,73,52,Yes,20.4,1090.65
1,74,64,Yes,111.6,7099
0,75,62,Yes,24.25,1424.6
0,76,3,Yes,64.5,177.4
1,77,56,Yes,110.5,6139.5
0,78,46,Yes,55.65,2688.85
0,79,8,Yes,54.65,482.25
1,80,30,Yes,74.75,2111.3
0,81,45,Yes,25.9,1216.6
0,82,1,Yes,79.35,79.35
0,83,11,No,50.55,565.35
0,84,7,Yes,75.15,496.9
0,85,42,Yes,103.8,4327.5
0,86,49,Yes,20.15,973.35
0,87,9,Yes,99.3,918.75
0,88,35,Yes,62.15,2215.45
0,89,48,Yes,20.65,1057
0,90,46,Yes,19.95,927.1
0,91,29,No,33.75,1009.25
0,92,30,Yes,82.05,2570.2
1,93,1,Yes,74.7,74.7
0,94,66,Yes,84,5714.25
0,95,65,Yes,111.05,7107
0,96,72,Yes,100.9,7459.05
0,97,12,Yes,78.95,927.35
0,98,71,Yes,66.85,4748.7
0,99,5,Yes,21.05,113.85
0,100,52,Yes,21,1107.2
1,101,25,Yes,98.5,2514.5
0,102,1,Yes,20.2,20.2
0,103,1,Yes,19.45,19.45
0,104,38,Yes,95,3605.6
1,105,66,No,45.55,3027.25
0,106,68,Yes,110,7611.85
0,107,5,No,24.3,100.2
0,108,72,Yes,104.15,7303.05
0,109,32,No,30.15,927.65
0,110,43,Yes,94.35,3921.3
0,111,72,Yes,19.4,1363.25
0,112,55,Yes,96.75,5238.9
0,113,52,Yes,57.95,3042.25
0,114,43,Yes,91.65,3954.1
1,115,37,Yes,76.5,2868.15
0,116,64,No,54.6,3423.5
0,117,3,Yes,89.85,248.4
0,118,36,No,31.05,1126.35
0,119,10,Yes,100.25,1064.65
0,120,41,Yes,20.65,835.15
0,121,27,Yes,85.2,2151.6
0,122,56,Yes,99.8,5515.45
0,123,6,Yes,20.7,112.75
0,124,3,Yes,74.4,229.55
0,125,7,Yes,50.7,350.35
0,126,4,Yes,20.85,62.9
0,127,33,Yes,88.95,3027.65
1,128,27,Yes,78.05,2135.5
0,129,72,Yes,23.55,1723.95
0,130,1,Yes,19.75,19.75
1,131,71,No,56.45,3985.35
0,132,13,Yes,85.95,1215.65
0,133,25,No,58.6,1502.65
0,134,67,Yes,50.55,3260.1
0,135,1,No,35.45,35.45
0,136,2,Yes,44.35,81.25
0,137,43,Yes,25.7,1188.2
0,138,23,Yes,75,1778.5
0,139,64,Yes,20.2,1277.75
0,140,57,Yes,19.6,1170.55
1,141,1,Yes,70.45,70.45
1,142,72,Yes,88.05,6425.65
0,143,8,Yes,71.15,563.65
0,144,61,Yes,101.05,5971.25
0,145,64,Yes,84.3,5289.05
1,146,71,Yes,23.95,1756.2
0,147,65,Yes,99.05,6416.7
0,148,3,Yes,19.6,61.35
0,149,1,Yes,45.65,45.65
0,150,30,Yes,64.5,1929.95
0,151,15,Yes,69.5,1071.4
0,152,8,Yes,68.55,564.35
0,153,7,Yes,95,655.5
0,154,70,Yes,108.15,7930.55
0,155,62,Yes,86.1,5215.25
0,156,6,Yes,19.7,113.5
0,157,14,Yes,80.9,1152.8
0,158,22,Yes,84.15,1821.95
0,159,22,Yes,20.15,419.9
0,160,16,Yes,64.25,1024
0,161,10,Yes,25.7,251.6
0,162,13,Yes,56,764.55
0,163,20,Yes,82.4,1592.35
0,164,2,Yes,69.7,135.2
0,165,53,Yes,73.9,3958.25
0,166,11,Yes,20.6,233.9
0,167,69,Yes,19.9,1363.45
0,168,4,Yes,70.9,273
0,169,72,Yes,89.05,6254.45
1,170,58,No,45.3,2651.2
0,171,16,Yes,20.4,321.4
0,172,43,Yes,84.25,3539.25
0,173,2,Yes,104.4,242.8
0,174,14,Yes,81.95,1181.75
0,175,53,Yes,94.85,5000.2
0,176,32,Yes,20.55,654.55
0,177,34,Yes,24.7,780.2
1,178,15,Yes,74.45,1145.7
1,179,7,Yes,76.45,503.6
0,180,15,Yes,105.35,1559.25
0,181,61,Yes,20.55,1252
0,182,1,No,29.95,29.95
0,183,1,Yes,45.3,45.3
0,184,8,Yes,84.5,662.65
0,185,33,Yes,74.75,2453.3
0,186,13,Yes,79.25,1111.65
0,187,1,No,24.8,24.8
0,188,20,Yes,51.8,1023.85
0,189,3,No,30.4,82.15
0,190,13,Yes,19.65,244.8
0,191,40,Yes,56.6,2379.1
0,192,43,Yes,71.9,3173.35
0,193,6,Yes,91,531
0,194,69,Yes,19.75,1375.4
0,195,72,Yes,109.7,8129.3
0,196,59,Yes,19.3,1192.7
0,197,20,Yes,96.55,1901.65
0,198,24,Yes,24.1,587.4
0,199,59,Yes,111.35,6519.75
0,200,72,Yes,112.25,8041.65
0,201,1,Yes,20.75,20.75
0,202,27,Yes,101.9,2681.15
0,203,14,Yes,80.05,1112.3
0,204,71,Yes,105.55,7405.5
0,205,13,Yes,78.3,1033.95
0,206,44,Yes,68.85,2958.95
0,207,33,Yes,79.95,2684.85
0,208,72,No,55.45,4179.2
0,209,1,Yes,79.9,79.9
0,210,19,Yes,106.6,1934.45
0,211,64,Yes,102.45,6654.1
0,212,2,Yes,46,84.5
0,213,1,No,25.25,25.25
0,214,61,Yes,19.75,1124.2
0,215,29,Yes,20,540.05
1,216,23,Yes,86.8,1975.85
0,217,57,No,58.75,3437.45
0,218,72,No,45.25,3139.8
0,219,66,No,56.6,3789.2
0,220,65,Yes,84.2,5324.5
0,221,8,Yes,80,624.6
0,222,4,Yes,70.15,268.35
0,223,71,Yes,24.75,1836.9
0,224,1,Yes,20.2,20.2
0,225,4,Yes,50.05,179.35
0,226,12,Yes,19.35,219.35
0,227,24,No,50.6,1288.75
0,228,31,Yes,81.15,2545.75
0,229,1,Yes,55.2,55.2
0,230,30,Yes,89.9,2723.15
0,231,47,Yes,85.3,4107.25
0,232,54,Yes,108,5760.65
0,233,50,Yes,93.5,4747.5
0,234,1,Yes,84.6,84.6
0,235,72,Yes,20.25,1566.9
0,236,29,Yes,25.15,702
0,237,2,Yes,54.4,114.1
0,238,10,No,29.6,299.05
0,239,18,Yes,73.15,1305.95
1,240,11,Yes,95,1120.3
0,241,16,Yes,19.75,284.35
0,242,72,Yes,86.6,6350.5
0,243,72,Yes,109.2,7878.3
0,244,41,Yes,74.7,3187.65
1,245,65,Yes,94.4,6126.15
1,246,13,Yes,54.8,731.3
1,247,4,Yes,75.35,273.4
0,248,41,Yes,65,2531.8
1,249,15,Yes,74.4,1074.3
0,250,1,Yes,48.55,48.55
0,251,42,Yes,99,4298.45
0,252,51,Yes,93.5,4619.55
0,253,2,Yes,70.4,147.15
1,254,1,No,40.2,40.2
0,255,32,Yes,83.7,2633.3
0,256,10,Yes,19.85,193.05
0,257,67,No,59.55,4103.9
0,258,61,Yes,115.1,7008.15
0,259,50,Yes,114.35,5791.1
0,260,2,Yes,44.6,80.55
1,261,29,No,45,1228.65
1,262,3,No,41.15,132.2
1,263,13,Yes,106.9,1364.3
1,264,57,Yes,89.85,4925.35
0,265,31,No,49.85,1520.1
0,266,45,Yes,113.3,5032.25
0,267,61,Yes,88.1,5526.75
0,268,50,Yes,24.9,1195.25
1,269,19,Yes,105,2007.25
0,270,59,Yes,19.35,1099.6
0,271,71,Yes,24.25,1732.95
1,272,16,Yes,94.45,1511.2
0,273,57,Yes,59.75,3450.15
0,274,1,No,24.8,24.8
1,275,20,Yes,107.05,2172.05
0,276,1,Yes,70.6,70.6
0,277,5,Yes,85.4,401.1
0,278,52,Yes,105.05,5624.85
1,279,21,Yes,64.95,1339.8
0,280,14,No,55,771.95
0,281,5,Yes,50.55,244.75
0,282,6,Yes,55.15,322.9
0,283,10,Yes,51.2,498.25
0,284,1,Yes,25.4,25.4
0,285,68,Yes,54.45,3687.75
0,286,18,Yes,95.15,1779.95
0,287,22,Yes,76,1783.6
0,288,20,Yes,44.35,927.15
0,289,1,Yes,70,70
1,290,8,Yes,74.5,606.55
0,291,10,Yes,44.85,435.4
1,292,24,Yes,76.1,1712.7
0,293,35,Yes,61.2,2021.2
0,294,23,Yes,86.8,1940.8
1,295,6,Yes,89.35,567.8
0,296,12,Yes,19.7,220.35
0,297,1,Yes,20.25,20.25
0,298,71,Yes,76.05,5436.45
1,299,35,Yes,100.8,3437.5
0,300,40,Yes,74.55,3015.75
0,301,1,Yes,73.6,73.6
0,302,23,Yes,64.9,1509.8
1,303,4,Yes,95.45,396.1
0,304,4,Yes,90.4,356.65
0,305,68,No,60.3,4109
0,306,38,Yes,81.85,3141.7
0,307,52,Yes,24.8,1229.1
1,308,32,Yes,74.9,2303.35
0,309,29,Yes,75.55,2054.4
1,310,38,Yes,101.15,3741.85
0,311,48,Yes,78.75,3682.45
0,312,1,Yes,19.25,19.25
0,313,22,Yes,89.05,1886.25
0,314,43,Yes,115.05,4895.1
1,315,5,Yes,69.35,341.6
0,316,5,Yes,80.6,415.55
0,317,51,Yes,110.05,5686.4
0,318,71,Yes,19.9,1355.1
0,319,38,Yes,80.3,3058.65
1,320,24,Yes,93.15,2231.05
0,321,35,Yes,91.5,3236.35
1,322,54,Yes,82.45,4350.1
0,323,72,No,60,4264
0,324,1,Yes,44.8,44.8
0,325,9,Yes,48.6,422.3
0,326,69,No,60.05,4176.7
0,327,52,Yes,102.7,5138.1
1,328,11,Yes,82.9,880.05
1,329,2,Yes,70.35,139.05
1,330,28,No,35.9,973.65
1,331,17,Yes,82.65,1470.05
0,332,35,Yes,19.85,739.35
0,333,8,Yes,19.2,161.95
0,334,46,Yes,94.9,4422.95
0,335,7,Yes,73.85,511.25
0,336,2,Yes,80.6,155.8
0,337,68,Yes,75.8,5293.95
0,338,43,Yes,104.6,4759.85
0,339,68,Yes,88.15,6148.45
0,340,36,Yes,94.8,3565.65
0,341,63,Yes,103.4,6603
1,342,32,Yes,54.65,1830.1
0,343,71,Yes,85.75,6223.8
0,344,66,Yes,67.45,4508.65
0,345,63,Yes,20.5,1328.15
0,346,41,Yes,20.25,865
1,347,1,Yes,72.1,72.1
0,348,2,Yes,90.4,168.2
0,349,70,Yes,19.45,1303.5
0,350,23,No,44.95,996.85
1,351,64,Yes,97,6430.9
0,352,37,Yes,62.8,2278.75
0,353,17,Yes,44.6,681.4
1,354,7,Yes,89.15,574.35
0,355,4,Yes,84.8,371.9
1,356,21,No,41.9,840.1
0,357,10,Yes,80.25,846
1,358,16,Yes,54.1,889
0,359,64,Yes,105.25,6823.4
1,360,27,No,30.75,805.1
0,361,42,Yes,97.1,4016.75
0,362,5,Yes,20.2,83.75
0,363,41,Yes,98.8,3959.15
0,364,58,Yes,50.3,2878.55
0,365,47,Yes,20.55,945.7
0,366,18,Yes,75.9,1373.05
0,367,5,Yes,96.5,492.55
0,368,23,Yes,59.95,1406
0,369,1,Yes,19.15,19.15
0,370,71,Yes,98.65,6962.85
0,371,72,Yes,112.6,8126.65
0,372,33,Yes,20.6,690.25
0,373,2,Yes,85.65,181.5
0,374,24,No,35.75,830.8
0,375,56,Yes,99.75,5608.4
0,376,37,Yes,96.1,3646.8
0,377,43,Yes,85.1,3662.25
0,378,1,No,25.35,25.35
0,379,25,Yes,104.95,2566.5
0,380,61,Yes,89.65,5308.7
0,381,17,Yes,86.75,1410.25
0,382,41,Yes,86.2,3339.05
0,383,1,Yes,50.65,50.65
1,384,72,No,64.8,4732.35
0,385,1,Yes,90.85,90.85
0,386,48,Yes,108.1,5067.45
1,387,11,Yes,19.95,214.75
1,388,55,Yes,85.45,4874.7
0,389,42,No,54.75,2348.45
0,390,44,Yes,90.4,4063
0,391,1,Yes,44,44
0,392,27,Yes,95.6,2595.25
1,393,27,Yes,84.8,2309.55
1,394,2,Yes,44.3,89.3
0,395,19,Yes,19.9,367.55
1,396,42,Yes,95.05,3944.5
0,397,66,Yes,90.05,5965.95
1,398,33,Yes,109.9,3694.7
0,399,34,Yes,73.95,2524.45
1,400,33,No,54.6,1803.7
0,401,23,Yes,20.05,415.1
0,402,32,Yes,19.75,624.15
0,403,11,Yes,20.05,237.7
0,404,69,Yes,99.45,7007.6
0,405,68,Yes,55.9,3848.8
0,406,20,Yes,19.7,419.4
0,407,72,Yes,19.8,1468.75
0,408,60,Yes,95.4,5812
1,409,32,Yes,93.95,2861.45
0,410,1,Yes,19.9,19.9
0,411,1,Yes,19.6,19.6
1,412,3,Yes,81.35,233.7
0,413,46,Yes,24.45,1066.15
0,414,29,Yes,74.95,2149.05
0,415,51,Yes,87.35,4473
1,416,48,Yes,70.65,3545.05
0,417,16,Yes,73.25,1195.75
0,418,70,Yes,98.7,6858.9
0,419,40,Yes,24.8,1024.7
0,420,22,Yes,83.3,1845.9
1,421,1,Yes,75.3,75.3
0,422,5,Yes,24.3,132.25
0,423,7,Yes,69.85,515.45
0,424,29,Yes,100.55,2830.45
0,425,44,Yes,25.7,1110.5
0,426,10,No,40.7,449.3
1,427,55,Yes,51.65,2838.55
1,428,52,Yes,105.1,5376.4
0,429,10,Yes,85.95,858.6
0,430,18,Yes,75.6,1395.05
0,431,68,Yes,58.25,3975.7
0,432,61,Yes,19.4,1182.55
0,433,72,No,65.2,4784.45
0,434,2,Yes,53.45,119.5
0,435,12,Yes,45.4,518.9
0,436,41,Yes,19.75,899.45
0,437,26,No,44.45,1183.8
0,438,36,Yes,20.85,720.05
0,439,72,Yes,114.05,8468.2
0,440,35,Yes,89.85,3161.2
0,441,1,Yes,55.05,55.05
0,442,16,Yes,112.95,1882.55
1,443,49,Yes,101.55,5070.4
0,444,54,Yes,114.65,6049.5
0,445,18,Yes,64.8,1166.7
0,446,36,Yes,80.4,2937.65
0,447,60,Yes,105.9,6396.45
0,448,1,Yes,69.55,69.55
0,449,52,Yes,25.05,1270.25
0,450,8,Yes,94.75,759.55
0,451,72,Yes,105.5,7611.55
0,452,64,Yes,24.7,1642.75
1,453,22,Yes,69.75,1545.4
0,454,60,No,60.2,3582.4
0,455,28,Yes,81.05,2227.1
0,456,61,Yes,24.4,1417.9
0,457,24,Yes,104.15,2494.65
0,458,28,Yes,92.9,2768.35
0,459,30,Yes,80.8,2369.3
0,460,2,Yes,20,38
0,461,1,Yes,75.1,75.1
0,462,6,Yes,19.65,100.9
0,463,24,Yes,69.45,1614.05
0,464,4,Yes,101.15,385.9
0,465,7,Yes,99.8,673.25
1,466,72,Yes,116.05,8404.9
0,467,70,No,40.05,2799.75
1,468,64,Yes,102.1,6538.45
0,469,72,Yes,89.7,6588.95
0,470,44,Yes,19.9,868.1
0,471,13,Yes,55.95,734.35
1,472,17,Yes,20.65,330.6
0,473,1,Yes,55,55
0,474,9,Yes,70.05,564.4
0,475,24,Yes,53.6,1315.35
0,476,1,Yes,74.7,74.7
0,477,24,Yes,80.25,1861.5
1,478,35,Yes,76.05,2747.2
0,479,7,Yes,75.7,554.05
0,480,5,Yes,96.1,453.4
0,481,15,Yes,69,994.8
0,482,11,Yes,19.65,225.75
0,483,48,No,45.3,2145
1,484,20,Yes,81.45,1671.6
0,485,72,Yes,108.5,8003.8
0,486,8,Yes,83.55,680.05
0,487,72,Yes,84.5,6130.85
0,488,15,Yes,100.15,1415
0,489,72,Yes,88.6,6201.95
0,490,1,Yes,74.35,74.35
0,491,63,Yes,104.8,6597.25
0,492,2,Yes,59,114.15
0,493,2,Yes,74.4,139.4
1,494,61,Yes,64.05,3902.6
0,495,1,Yes,20.4,20.4
0,496,22,No,43.75,903.6
0,497,28,Yes,60.9,1785.65
0,498,70,Yes,19.8,1397.65
1,499,5,No,28.45,131.05
0,500,12,Yes,99.7,1238.45
0,501,34,Yes,116.25,3899.05
1,502,71,Yes,80.7,5676
0,503,70,Yes,65.2,4543.15
0,504,52,Yes,84.05,4326.8
0,505,69,Yes,79.45,5502.55
1,506,20,Yes,94.1,1782.4
0,507,11,Yes,78,851.8
0,508,2,Yes,94.2,167.5
0,509,6,Yes,80.5,502.85
0,510,1,Yes,19.85,19.85
1,511,20,Yes,94.3,1818.3
0,512,61,Yes,106.45,6300.15
1,513,5,Yes,74.35,334.8
0,514,56,Yes,105.45,5916.95
0,515,30,Yes,95,2852.4
0,516,40,Yes,104.8,4131.95
0,517,28,Yes,54.3,1546.3
1,518,5,Yes,70.05,302.6
1,519,27,Yes,75.2,1929.35
0,520,12,Yes,20.05,265.45
0,521,67,Yes,105.4,6989.45
1,522,29,Yes,51.6,1442
0,523,55,Yes,85.5,4713.4
0,524,23,Yes,75.6,1758.6
0,525,34,Yes,100.05,3480
0,526,52,Yes,91.25,4738.3
1,527,72,Yes,115.75,8399.15
0,528,58,Yes,94.7,5430.35
0,529,35,Yes,19.6,686.95
1,530,56,Yes,99.9,5706.3
0,531,24,Yes,21.1,490.65
0,532,70,Yes,20.05,1360.25
0,533,2,Yes,79.95,174.45
1,534,68,Yes,107.15,7379.8
0,535,1,Yes,85,85
0,536,12,Yes,89.55,1021.75
0,537,63,Yes,81.55,5029.05
0,538,33,Yes,58.45,1955.4
0,539,69,Yes,95.65,6744.2
0,540,60,Yes,80.6,4946.7
0,541,72,Yes,113.1,8248.5
0,542,11,Yes,58.95,601.6
0,543,1,Yes,19.55,19.55
0,544,10,Yes,86.05,834.1
0,545,13,No,45.55,597
0,546,34,Yes,78.95,2647.2
0,547,39,Yes,86.3,3266
0,548,65,Yes,105.05,6744.25
1,549,50,Yes,101.9,5265.5
0,550,15,Yes,19.75,311.6
0,551,72,Yes,110.3,7966.9
0,552,72,Yes,115.6,8220.4
0,553,55,Yes,19.35,1153.25
0,554,23,Yes,25.6,514.75
0,555,32,Yes,80.35,2596.15
0,556,56,Yes,68.75,3808
0,557,1,Yes,19.9,19.9
0,558,38,Yes,70.6,2708.2
0,559,11,Yes,70.2,760.05
0,560,1,Yes,49.3,49.3
0,561,56,Yes,107.25,6033.3
0,562,3,Yes,23.6,89.05
0,563,7,Yes,69.7,516.15
0,564,59,Yes,99.5,5861.75
0,565,7,Yes,64.3,445.95
0,566,71,Yes,70.85,4973.4
0,567,15,Yes,101.9,1667.25
0,568,71,Yes,73.5,5357.75
0,569,35,Yes,100.25,3527.6
0,570,11,No,40.4,422.6
0,571,60,Yes,19.25,1103.25
1,572,47,Yes,59.6,2754
0,573,11,Yes,64.9,697.25
0,574,56,Yes,100.3,5614.45
1,575,28,Yes,110.85,3204.4
0,576,61,Yes,81.05,4747.65
0,577,31,Yes,98.05,3082.1
0,578,9,Yes,70.5,597.9
1,579,35,Yes,94.55,3365.4
0,580,2,Yes,19.65,38.8
0,581,12,Yes,19,233.55
0,582,1,Yes,75.3,75.3
1,583,4,Yes,89.2,346.2
0,584,1,Yes,19,19
0,585,3,Yes,20,61.7
1,586,1,Yes,85.7,85.7
0,587,52,Yes,63.25,3342.45
0,588,5,Yes,20.1,85.1
0,589,72,Yes,99.15,7422.1
0,590,71,Yes,90.4,6668.05
0,591,72,Yes,111.9,8071.05
0,592,46,Yes,24.9,1174.8
0,593,63,Yes,83.5,5435
0,594,30,Yes,84.3,2438.6
0,595,1,Yes,45.6,45.6
0,596,12,Yes,61.65,713.75
0,597,16,No,54.85,916.15
0,598,4,Yes,65.55,237.2
0,599,51,Yes,90.35,4614.55
0,600,65,Yes,20.4,1414.45
0,601,16,Yes,74.55,1170.5
0,602,2,Yes,19.95,47.7
0,603,66,Yes,74.25,4859.25
0,604,46,Yes,108.65,4903.2
0,605,32,Yes,109.55,3608
0,606,72,Yes,86.65,6094.25
0,607,38,Yes,81,3084.9
0,608,51,Yes,47.85,2356.75
0,609,72,Yes,114.55,8306.05
1,610,65,Yes,105.25,6786.4
0,611,9,No,29.95,248.95
0,612,9,Yes,65,663.05
0,613,66,Yes,20.55,1357.1
1,614,44,Yes,109.8,4860.35
0,615,50,Yes,69.5,3418.2
0,616,15,Yes,48.85,631.4
0,617,8,No,25.25,186.3
1,618,66,Yes,102.85,6976.75
0,619,57,Yes,87.55,4884.85
0,620,7,Yes,78.55,522.95
1,621,10,No,34.55,362.6
0,622,62,Yes,92.05,5755.8
0,623,40,Yes,85.05,3355.65
0,624,20,Yes,19.7,406.95
0,625,7,Yes,20,137.6
0,626,25,Yes,95.15,2395.7
0,627,23,Yes,84.25,1968.1
1,628,66,Yes,104.6,6819.45
1,629,72,Yes,111.65,7943.45
1,630,49,Yes,90.05,4547.25
1,631,43,Yes,110.75,4687.9
0,632,46,Yes,55,2473.95
0,633,72,Yes,89.85,6562.9
0,634,10,Yes,20.35,176.3
0,635,40,No,54.55,2236.2
0,636,65,Yes,105.5,6985.65
0,637,31,Yes,99.45,3109.9
0,638,68,Yes,70.9,4911.35
1,639,56,Yes,104.55,5794.65
0,640,10,Yes,85.25,855.3
0,641,68,Yes,25.4,1620.2
0,642,43,Yes,56.15,2499.3
0,643,1,Yes,89.55,89.55
1,644,49,Yes,89.85,4287.2
0,645,15,Yes,25.25,394.85
1,646,20,Yes,94.55,1899.65
0,647,1,Yes,45.7,45.7
0,648,50,Yes,69.65,3442.15
1,649,2,Yes,89.5,161.5
1,650,24,Yes,70,1732.6
0,651,3,Yes,69.55,222.3
0,652,1,Yes,74.6,74.6
0,653,35,Yes,20.1,655.3
0,654,17,Yes,24.8,475.25
1,655,8,Yes,19.65,164.3
0,656,10,Yes,95.1,865.1
0,657,68,Yes,88.85,6132.7
0,658,45,Yes,78.8,3597.5
0,659,2,Yes,19.85,35.9
0,660,37,Yes,20.35,697.65
0,661,4,No,24.25,96.05
0,662,10,Yes,45.25,428.7
0,663,1,Yes,20.05,20.05
0,664,65,Yes,69.55,4459.15
0,665,57,Yes,19.5,1167.6
0,666,3,Yes,74.75,238.1
0,667,2,Yes,69.65,145.15
0,668,49,No,30.2,1453.1
0,669,4,Yes,45.65,191.05
0,670,70,No,57.8,4039.3
0,671,53,Yes,19.85,1039.45
0,672,53,Yes,25.55,1336.1
0,673,1,Yes,75.05,75.05
0,674,22,Yes,24.85,493.4
1,675,52,No,49.15,2550.9
1,676,65,Yes,110.35,7246.15
0,677,48,Yes,24.55,1203.95
0,678,2,No,34.7,62.25
0,679,3,Yes,107.95,313.6
0,680,45,Yes,81.4,3775.85
0,681,1,Yes,80,80
0,682,61,Yes,73.8,4616.05
0,683,3,Yes,64.4,195.65
1,684,40,Yes,103.75,4188.4
0,685,1,Yes,71.1,71.1
0,686,1,Yes,49.9,49.9
0,687,51,Yes,24.6,1266.4
1,688,2,Yes,49.25,91.1
0,689,52,No,30.1,1623.4
0,690,51,Yes,83.4,4149.45
0,691,1,Yes,20.45,20.45
0,692,31,Yes,75.25,2344.5
0,693,47,Yes,20.55,1013.05
0,694,3,Yes,75.1,270.7
1,695,22,Yes,20.05,417
0,696,1,Yes,20.65,20.65
0,697,72,Yes,85.15,6316.2
0,698,3,Yes,50.15,168.15
1,699,47,Yes,84.95,4018.05
0,700,72,Yes,66.5,4811.6
0,701,66,Yes,63.3,4189.7
0,702,35,Yes,83.15,2848.45
0,703,29,Yes,84.9,2516.2
0,704,2,Yes,20.55,33.6
0,705,4,Yes,49.25,208.45
0,706,25,Yes,79.85,2015.35
0,707,65,Yes,59.6,3739.8
1,708,27,Yes,104.65,2964
0,709,29,Yes,75.3,2263.4
0,710,29,Yes,80.1,2211.8
0,711,1,Yes,19.55,19.55
0,712,20,Yes,81,1683.7
0,713,58,Yes,24.7,1519
0,714,14,Yes,86,1164.05
0,715,72,Yes,25.4,1710.9
0,716,46,Yes,89.15,4245.55
0,717,71,No,58.25,4145.9
0,718,32,Yes,85.65,2664.3
0,719,26,No,50.35,1277.5
1,720,68,Yes,80.35,5589.3
0,721,2,Yes,20.2,34.75
0,722,61,Yes,20.55,1305.95
0,723,4,Yes,85.95,381.3
0,724,3,Yes,45.35,141.5
1,725,33,Yes,94.5,3105.55
1,726,9,Yes,21.25,204.55
0,727,22,Yes,26.25,605.9
0,728,5,Yes,80.85,356.1
1,729,30,Yes,91.7,2758.15
0,730,65,Yes,74.2,4805.65
0,731,45,Yes,87.25,3941.7
0,732,5,Yes,20.35,92.75
0,733,25,Yes,75.5,1901.05
0,734,72,Yes,79.05,5730.7
0,735,27,Yes,90.15,2423.4
0,736,32,No,50.6,1653.45
0,737,30,Yes,110.45,3327.05
0,738,70,Yes,101,7085.5
1,739,42,Yes,79.35,3344.1
1,740,72,Yes,89.85,6697.35
0,741,47,Yes,65,2879.9
0,742,2,Yes,80.45,137.1
0,743,10,Yes,98.55,1008.55
0,744,61,Yes,24.1,1551.6
0,745,5,Yes,44.05,202.15
1,746,72,Yes,110.8,7882.25
1,747,72,Yes,114.95,8196.4
1,748,3,Yes,75.05,202.9
0,749,48,Yes,19.25,855.1
0,750,63,Yes,90.05,5817
0,751,27,Yes,56.7,1652.95
0,752,70,Yes,80.15,5600.15
0,753,7,Yes,71.35,515.75
0,754,2,Yes,90.35,190.5
1,755,20,Yes,98.55,1842.8
0,756,66,Yes,19.7,1253.8
0,757,3,Yes,19.85,57.2
0,758,15,Yes,85.9,1269.55
0,759,72,Yes,90.35,6563.4
0,760,1,Yes,20.8,20.8
0,761,22,Yes,89.25,1907.85
0,762,3,Yes,70.3,208.85
0,763,72,Yes,66.85,4758.8
0,764,65,Yes,19.9,1292.6
0,765,11,No,35.8,363.15
0,766,22,Yes,78.85,1600.25
0,767,14,Yes,20.4,275.7
0,768,41,Yes,74.25,3089.1
0,769,17,Yes,64.8,1175.6
0,770,11,Yes,20.45,237.3
0,771,15,Yes,93.35,1444.65
0,772,1,Yes,19.9,19.9
0,773,5,Yes,88.9,454.15
0,774,33,Yes,95.8,3036.75
0,775,72,Yes,110.65,8065.65
0,776,3,No,40.3,92.5
0,777,2,Yes,82,184.65
0,778,59,Yes,107,6152.3
0,779,2,Yes,45.35,89.5
0,780,71,Yes,73.35,5154.5
0,781,5,Yes,44.8,220.45
0,782,27,Yes,54.75,1510.3
0,783,1,Yes,52.2,52.2
0,784,63,No,40.6,2588.95
1,785,46,Yes,110,4874.8
0,786,72,Yes,55.3,3983.6
0,787,34,Yes,60.85,2003.6
0,788,24,Yes,78.4,1832.4
0,789,72,Yes,69.65,4908.25
0,790,60,No,59.85,3590.2
0,791,68,Yes,76.9,5023
0,792,8,Yes,19.85,146.6
0,793,34,Yes,67.65,2339.3
0,794,6,No,45,298.7
0,795,2,Yes,64.2,143.65
0,796,31,Yes,81.7,2548.65
0,797,20,Yes,25.55,507.4
0,798,1,Yes,20,20
0,799,62,Yes,96.75,6125.4
1,800,70,Yes,75.65,5411.4
0,801,10,Yes,98.5,1058.25
0,802,39,Yes,23.8,903.8
0,803,46,Yes,64.2,3009.5
0,804,6,Yes,85.35,489.45
0,805,72,Yes,76.8,5468.45
0,806,18,Yes,55.2,1058.1
0,807,71,Yes,108.55,7616
0,808,40,Yes,101.3,4113.1
0,809,1,Yes,69.55,69.55
0,810,58,Yes,103.25,6017.65
0,811,70,Yes,104,7250.15
0,812,42,Yes,25.25,1108.2
0,813,34,No,30.4,938.65
1,814,5,Yes,20.05,94.15
0,815,25,Yes,84.6,2088.05
0,816,2,Yes,86.2,178.7
0,817,55,Yes,103.7,5656.75
0,818,21,Yes,111.2,2317.1
0,819,70,Yes,88,5986.45
0,820,61,Yes,106.35,6751.35
0,821,43,Yes,79.15,3566.6
0,822,47,Yes,103.1,4889.3
0,823,5,Yes,63.95,318.1
0,824,62,Yes,25.8,1563.95
0,825,16,Yes,89.45,1430.25
1,826,7,Yes,95.6,644.35
0,827,14,Yes,25.55,372.45
0,828,60,Yes,90.95,5453.4
0,829,34,No,44.85,1442.6
0,830,50,Yes,108.55,5610.7
0,831,38,Yes,25.05,963.95
0,832,70,Yes,74.1,5222.3
0,833,37,Yes,88.8,3340.55
1,834,4,Yes,78.85,292.8
1,835,60,Yes,93.25,5774.55
0,836,62,Yes,71.4,4487.3
0,837,1,Yes,44.4,44.4
0,838,36,Yes,79.2,2854.95
0,839,44,Yes,20.4,905.55
1,840,55,Yes,100,5509.3
0,841,72,Yes,105,7589.8
0,842,12,Yes,19.8,229.6
0,843,13,No,30.85,394.1
0,844,1,Yes,89.9,89.9
0,845,15,Yes,20.55,295.95
0,846,65,Yes,84.85,5459.2
0,847,12,No,33.15,444.75
0,848,72,Yes,92,6782.15
0,849,72,Yes,89.8,6510.45
0,850,72,Yes,115.8,8476.5
0,851,52,Yes,85.15,4461.85
0,852,2,Yes,24.85,62
0,853,5,Yes,64.35,352.65
0,854,68,Yes,20.5,1424.9
0,855,62,Yes,100.15,6413.65
0,856,72,Yes,86.05,6309.65
0,857,1,Yes,50.8,50.8
0,858,66,Yes,89,5898.6
0,859,72,No,64.8,4719.75
0,860,26,Yes,19.8,457.3
0,861,64,Yes,93.4,5822.3
1,862,20,Yes,73.65,1463.5
0,863,3,Yes,95.1,307.4
0,864,22,Yes,94.65,2104.55
0,865,4,Yes,80.6,319.15
0,866,62,No,39,2337.45
0,867,5,Yes,20.5,104.3
0,868,59,Yes,85.55,5084.65
0,869,3,Yes,26.4,121.25
0,870,72,Yes,98.2,7015.9
0,871,57,Yes,97.55,5598
0,872,66,Yes,19.95,1269.1
0,873,60,No,50.8,3027.4
0,874,45,Yes,99.7,4634.35
0,875,3,No,34.8,113.95
0,876,15,Yes,105.1,1582.75
0,877,51,No,60.15,3077
0,878,60,Yes,64.75,4039.5
0,879,33,Yes,54.65,1665.2
0,880,10,Yes,110.1,1043.3
1,881,26,Yes,19.3,504.2
0,882,6,Yes,83.9,497.55
0,883,67,Yes,111.25,7511.65
0,884,49,No,35.8,1782
0,885,1,Yes,20.05,20.05
1,886,7,Yes,84.35,609.65
1,887,27,Yes,110.5,2857.6
0,888,37,Yes,91.2,3247.55
0,889,63,Yes,100.55,6215.35
0,890,31,Yes,89.3,2823
0,891,50,Yes,103.85,5017.9
1,892,32,Yes,81.1,2619.25
0,893,1,No,24.6,24.6
0,894,63,Yes,81.2,4965.1
0,895,30,Yes,94.3,2679.7
0,896,71,Yes,116.1,8310.55
0,897,53,Yes,105.55,5682.25
0,898,12,Yes,98.9,1120.95
0,899,50,Yes,94.4,4914.9
0,900,2,Yes,19.5,27.55
0,901,9,Yes,98.3,923.5
0,902,17,Yes,93.85,1625.65
0,903,56,Yes,105.6,6068.65
0,904,67,Yes,81.35,5398.6
1,905,9,Yes,100.5,918.6
0,906,4,Yes,56.4,234.85
0,907,19,Yes,65.35,1231.85
0,908,8,Yes,19.95,170.9
0,909,71,Yes,111.25,7984.15
1,910,10,Yes,72.85,688.65
1,911,15,Yes,89,1288.3
0,912,72,Yes,106.1,7848.5
0,913,12,Yes,20.05,267
0,914,72,Yes,25.2,1798.9
1,915,1,Yes,73.55,73.55
1,916,23,Yes,75.4,1643.55
0,917,72,No,65.55,4807.45
0,918,26,Yes,80.7,2193
0,919,21,Yes,104.55,2239.4
0,920,60,Yes,24.15,1505.9
0,921,12,Yes,20.45,255.35
0,922,16,Yes,75.4,1189.4
0,923,63,Yes,79.7,4786.15
1,924,22,Yes,81.7,1820.9
0,925,32,Yes,76.3,2404.15
1,926,3,Yes,79.4,205.05
0,927,13,Yes,81.15,952.3
0,928,68,Yes,103.75,7039.45
0,929,30,Yes,86.45,2538.05
0,930,16,Yes,75.1,1212.85
0,931,33,Yes,80.6,2651.1
0,932,72,Yes,19.3,1304.8
1,933,4,Yes,84.6,360.1
0,934,12,No,33.6,435.45
1,935,4,Yes,83.25,308.05
0,936,6,Yes,79.05,434.5
0,937,65,Yes,108.05,7118.9
0,938,15,Yes,19.9,320.45
0,939,24,Yes,21.05,531.55
0,940,13,No,30.15,382.2
0,941,24,Yes,79.85,2001
0,942,72,No,65.5,4919.7
0,943,54,Yes,104.1,5645.8
0,944,3,Yes,74.4,215.8
0,945,4,Yes,20.5,77.6
1,946,32,Yes,91.35,2896.55
1,947,35,Yes,99.05,3395.8
0,948,35,Yes,20.5,759.35
1,949,2,Yes,44.95,85.15
0,950,8,Yes,75.6,535.55
0,951,22,Yes,55.1,1253.15
0,952,15,Yes,58.95,955.15
0,953,22,Yes,95.1,2162.6
0,954,1,Yes,44.7,44.7
0,955,71,Yes,25.45,1813.35
0,956,4,Yes,56.75,245.15
0,957,25,Yes,81.75,2028.8
0,958,32,Yes,86.1,2723.75
1,959,7,No,29.8,220.45
0,960,17,Yes,20.5,365.8
1,961,8,Yes,60.9,551.95
1,962,56,Yes,73.25,4054.2
0,963,1,Yes,45.7,45.7
1,964,8,Yes,100.3,832.35
0,965,7,Yes,19.25,112.3
0,966,3,Yes,20.85,60.65
0,967,71,Yes,77.35,5550.1
0,968,2,Yes,96,174.8
0,969,1,Yes,90.55,90.55
0,970,49,Yes,93.85,4733.1
0,971,58,Yes,70.1,4048.95
1,972,44,No,30.35,1359.7
0,973,59,Yes,75.95,4542.35
0,974,71,Yes,108.05,7532.15
0,975,1,Yes,69.9,69.9
0,976,11,Yes,75.25,888.65
1,977,62,Yes,103.75,6383.35
0,978,35,Yes,54.95,1916
0,979,20,Yes,19.5,413
0,980,40,Yes,19.6,808.95
0,981,39,Yes,47.85,1886.4
0,982,1,Yes,86.6,86.6
0,983,72,Yes,23.75,1679.25
1,984,33,Yes,80.6,2656.5
0,985,12,Yes,43.8,540.95
0,986,1,Yes,19.75,19.75
0,987,27,Yes,19.15,537.35
0,988,34,Yes,19.6,678.8
0,989,56,Yes,80.3,4513.65
0,990,58,Yes,24.35,1423.85
0,991,22,Yes,25.25,555.4
0,992,10,Yes,26.1,225.55
0,993,13,Yes,20,268.45
0,994,35,Yes,85.3,2917.5
0,995,34,Yes,70,2416.1
1,996,4,Yes,94.3,424.45
0,997,72,Yes,20.7,1492.1
0,998,2,Yes,70.3,132.4
0,999,7,Yes,95.35,660.9
1,1000,27,Yes,75.5,1893.95
0,1001,4,Yes,69.55,284.9
0,1002,37,Yes,19.85,784.25
0,1003,21,Yes,20,417.7
1,1004,53,Yes,95.85,5016.25
0,1005,18,Yes,90.1,1612.75
0,1006,2,Yes,68.95,119.75
0,1007,32,Yes,99.55,3204.65
1,1008,23,Yes,20.75,485.2
0,1009,3,Yes,50.15,160.85
0,1010,71,No,58.65,4145.25
0,1011,9,Yes,95.9,827.45
0,1012,1,Yes,49.5,49.5
0,1013,18,Yes,57.45,990.85
0,1014,12,Yes,53.65,696.35
0,1015,71,Yes,80.1,5585.4
0,1016,64,Yes,24.4,1601.2
0,1017,4,No,40.05,162.45
0,1018,23,Yes,19.5,470.2
0,1019,39,Yes,51.05,2066
0,1020,28,Yes,54.35,1426.45
1,1021,5,Yes,84.7,392.5
1,1022,45,Yes,86.1,3861.45
0,1023,37,Yes,70.35,2552.9
1,1024,60,Yes,110,6668.35
1,1025,8,Yes,100.6,819.4
0,1026,47,Yes,94.9,4615.25
0,1027,26,Yes,83.75,2070.6
1,1028,3,Yes,88.3,273.75
0,1029,50,Yes,69.75,3557.7
0,1030,27,Yes,71.6,1957.1
1,1031,8,Yes,92.1,729.95
0,1032,62,Yes,23.65,1416.75
0,1033,71,Yes,81.85,5924.4
0,1034,66,Yes,25.1,1697.7
0,1035,68,Yes,114.7,7849.85
0,1036,13,No,49.15,649.4
0,1037,56,Yes,80.9,4557.5
0,1038,38,Yes,79.45,3013.05
1,1039,14,Yes,90.45,1266.1
0,1040,16,Yes,19.3,360.35
0,1041,14,Yes,70.2,1046.5
0,1042,32,Yes,69.75,2347.9
0,1043,8,Yes,54.25,447.75
0,1044,43,Yes,99.3,4209.95
0,1045,52,Yes,74,3877.65
0,1046,3,Yes,50.25,152.3
0,1047,29,Yes,19.8,572.2
0,1048,1,Yes,19.65,19.65
1,1049,12,No,43.65,526.95
0,1050,16,No,35.5,552.7
0,1051,40,Yes,80.75,3208.65
0,1052,5,No,39.5,210.75
0,1053,40,Yes,97.1,3706.95
0,1054,36,Yes,19.55,620.75
0,1055,5,Yes,80,412.5
0,1056,10,Yes,84.7,832.05
0,1057,2,Yes,89.55,185.55
0,1058,23,Yes,90.6,1943.2
0,1059,26,Yes,20.05,505.9
1,1060,72,Yes,112.4,8046.85
0,1061,34,Yes,50.2,1815.3
0,1062,10,Yes,62.25,612.95
0,1063,14,Yes,55.7,795.15
0,1064,23,Yes,90.05,2169.8
0,1065,47,Yes,19.65,973.1
0,1066,24,Yes,89.25,2210.2
0,1067,49,Yes,99.05,4853.75
1,1068,20,Yes,54,1055.9
0,1069,2,Yes,69.75,144.55
0,1070,2,Yes,49.05,91.1
0,1071,22,No,56.75,1304.85
0,1072,7,Yes,98.05,713
0,1073,1,Yes,21.1,21.1
0,1074,59,Yes,96.65,5580.8
0,1075,58,Yes,24.5,1497.9
0,1076,41,Yes,114.5,4527.45
1,1077,59,Yes,79.2,4590.35
0,1078,3,Yes,69.55,200.2
0,1079,32,Yes,20.05,614.45
1,1080,46,Yes,98.85,4564.9
0,1081,2,Yes,80.95,171.15
0,1082,52,Yes,19.6,1012.4
1,1083,13,Yes,74.3,940.35
1,1084,11,Yes,89.7,1047.7
0,1085,32,Yes,87.65,2766.4
1,1086,17,Yes,100.45,1622.45
0,1087,16,Yes,74.75,1129.35
0,1088,51,Yes,107.45,5680.9
0,1089,29,Yes,75.35,2243.9
0,1090,70,Yes,64.95,4523.25
0,1091,71,Yes,100.45,7159.7
0,1092,41,Yes,68.5,2839.95
0,1093,1,Yes,80.55,80.55
0,1094,7,Yes,81.25,580.1
0,1095,25,Yes,90.4,2178.6
0,1096,67,Yes,89.55,6038.55
0,1097,5,Yes,55.7,259.4
0,1098,15,Yes,24.8,324.15
0,1099,20,Yes,20,417.65
0,1100,3,Yes,56.15,168.15
0,1101,54,Yes,105.2,5637.85
0,1102,42,Yes,19.55,839.4
0,1103,9,Yes,79.75,769.1
0,1104,63,Yes,97.45,6253
0,1105,69,Yes,24.25,1641.8
0,1106,69,Yes,24.6,1678.05
0,1107,40,Yes,50.15,2058.5
0,1108,60,No,39.6,2424.5
0,1109,4,Yes,94.4,387.2
1,1110,71,Yes,89.85,6293.45
0,1111,37,Yes,78.95,2839.65
0,1112,32,Yes,98.85,3145.9
0,1113,39,Yes,53.85,2200.7
0,1114,38,Yes,24.25,914.4
0,1115,52,Yes,89.45,4577.75
0,1116,48,Yes,105.25,4997.5
0,1117,70,No,59.5,4144.8
0,1118,20,Yes,70.55,1493.55
0,1119,50,Yes,82.5,4179.1
0,1120,19,No,44.85,893.55
0,1121,25,Yes,61.6,1611
0,1122,12,Yes,49.05,593.05
1,1123,39,Yes,105.65,4284.8
0,1124,7,Yes,74.65,544.55
0,1125,23,Yes,66.25,1533.8
0,1126,27,Yes,19.4,529.8
1,1127,47,Yes,86.05,3865.6
0,1128,26,Yes,19.15,515.75
0,1129,14,Yes,64.7,941
1,1130,11,Yes,104.05,1133.65
0,1131,2,Yes,19.25,48.35
0,1132,26,Yes,81.95,2070.05
1,1133,72,Yes,114.65,8333.95
0,1134,63,Yes,20,1209.25
0,1135,71,Yes,19.8,1396.25
0,1136,11,Yes,65.15,723.35
1,1137,14,Yes,19.65,228.65
0,1138,13,Yes,88.95,1161.75
0,1139,6,Yes,20.2,98.35
1,1140,11,Yes,75.2,775.3
0,1141,18,Yes,56.8,1074.65
0,1142,1,No,35.55,35.55
0,1143,32,Yes,75.5,2324.7
0,1144,29,No,35.6,1072.6
0,1145,3,Yes,60.25,170.5
0,1146,2,Yes,95.15,196.9
0,1147,13,Yes,96.65,1162.85
0,1148,41,No,40.35,1677.85
0,1149,1,Yes,18.85,18.85
0,1150,7,Yes,54.85,370.4
0,1151,52,Yes,64.3,3410.6
0,1152,45,Yes,24.65,1138.8
0,1153,70,Yes,76.1,5264.25
0,1154,53,Yes,18.7,1005.7
1,1155,62,Yes,97.95,5936.55
0,1156,60,Yes,94.1,5475.9
1,1157,3,Yes,80.4,224.05
1,1158,23,Yes,95.1,2326.05
0,1159,1,No,31.35,31.35
0,1160,67,Yes,72.35,4991.5
0,1161,12,Yes,89.75,1052.4
1,1162,71,Yes,82.7,5831.2
0,1163,25,Yes,19.9,510.8
0,1164,5,Yes,53.8,283.95
0,1165,26,Yes,51.55,1295.4
0,1166,1,Yes,19.65,19.65
1,1167,70,No,44.05,3011.65
0,1168,72,Yes,114,8093.15
0,1169,60,Yes,94.4,5610.25
1,1170,32,Yes,100.4,3217.65
0,1171,1,Yes,19.85,19.85
0,1172,14,Yes,54.25,773.2
0,1173,13,Yes,80,1029.35
0,1174,6,Yes,109.9,669.45
0,1175,46,Yes,79.2,3593.8
0,1176,15,Yes,101.35,1553.95
1,1177,43,Yes,94.3,3953.15
0,1178,39,Yes,49.8,1971.15
1,1179,21,Yes,60.05,1236.15
0,1180,57,No,53.75,3196
0,1181,53,Yes,93.45,4872.2
0,1182,18,Yes,87.9,1500.5
0,1183,1,Yes,60.15,60.15
0,1184,58,Yes,61.05,3478.75
1,1185,71,Yes,104.05,7413.55
0,1186,35,Yes,99.25,3532
0,1187,3,Yes,85.7,256.75
0,1188,38,Yes,104.85,3887.25
0,1189,35,Yes,69.15,2490.15
0,1190,7,Yes,90.45,593.45
0,1191,47,Yes,74.45,3510.3
0,1192,14,Yes,50.45,765.45
1,1193,20,Yes,60,1259.35
0,1194,66,Yes,85.25,5538.35
0,1195,15,Yes,19.45,340.85
0,1196,42,Yes,20.75,844.45
0,1197,17,Yes,78.9,1348.95
0,1198,37,Yes,104.5,3778
0,1199,12,Yes,49.4,611.65
0,1200,53,Yes,94.25,4867.95
0,1201,60,Yes,25,1505.05
0,1202,18,No,25.55,467.85
0,1203,1,Yes,74.9,74.9
0,1204,3,Yes,70.15,194.2
0,1205,9,Yes,69.4,571.45
0,1206,1,Yes,80.25,80.25
0,1207,56,Yes,93.15,5253.95
0,1208,17,Yes,69,1149.65
0,1209,11,Yes,66.35,740.8
0,1210,7,Yes,69.55,521.35
0,1211,69,Yes,20.2,1412.65
0,1212,19,Yes,86,1532.45
0,1213,3,Yes,80.3,250.05
0,1214,54,Yes,20.4,1090.6
0,1215,62,Yes,23.75,1446.8
0,1216,24,Yes,90.55,2282.55
0,1217,62,Yes,70.45,4300.45
0,1218,17,Yes,65.75,1111.2
0,1219,9,No,24.6,190.1
0,1220,64,Yes,69.25,4447.75
0,1221,2,Yes,75.9,143.35
0,1222,1,Yes,45.85,45.85
0,1223,16,No,49.95,810.2
0,1224,72,Yes,24.65,1830.05
0,1225,30,Yes,90.4,2820.65
0,1226,49,Yes,100.85,4847.35
0,1227,61,Yes,75.35,4729.3
0,1228,47,Yes,87.2,4017.45
0,1229,20,Yes,64.4,1398.6
0,1230,34,Yes,78.3,2564.3
0,1231,70,Yes,24.7,1685.9
0,1232,54,Yes,105.85,5826.65
1,1233,61,Yes,98.3,6066.55
0,1234,3,Yes,76.95,228.4
0,1235,13,Yes,19.45,270.2
1,1236,16,Yes,96.15,1529.2
0,1237,3,Yes,58.7,168.6
0,1238,25,Yes,20.15,536.35
0,1239,30,Yes,64.5,1888.45
0,1240,21,No,28.5,629.35
0,1241,1,Yes,45.3,45.3
0,1242,15,Yes,19.4,289.3
1,1243,23,Yes,90.45,2117.25
0,1244,45,Yes,105.15,4730.9
0,1245,24,Yes,83.15,2033.05
0,1246,11,Yes,90.15,987.95
0,1247,1,Yes,45.05,45.05
0,1248,56,Yes,103.2,5744.35
0,1249,1,Yes,75.8,75.8
0,1250,1,Yes,19.45,19.45
0,1251,7,Yes,79.3,523.15
1,1252,55,Yes,88.8,4805.3
0,1253,2,No,30.9,59.05
0,1254,72,Yes,85.9,6110.75
1,1255,45,No,34.2,1596.6
0,1256,47,Yes,20.15,1046.2
1,1257,46,Yes,95.25,4424.2
0,1258,2,Yes,50.3,92.75
0,1259,2,Yes,80.15,194.55
0,1260,12,Yes,51.25,612.1
1,1261,68,Yes,89.6,6127.6
0,1262,69,Yes,95.2,6671.7
1,1263,56,Yes,94.8,5264.3
1,1264,4,Yes,80.25,303.7
0,1265,64,Yes,76.1,4818.8
0,1266,59,Yes,110.15,6448.05
0,1267,62,Yes,115.55,7159.05
0,1268,63,Yes,24.65,1574.5
0,1269,53,No,53.6,2879.2
0,1270,5,Yes,19.45,86.05
1,1271,49,Yes,88.2,4159.45
0,1272,62,Yes,101.15,6638.35
0,1273,55,Yes,56.8,3112.05
1,1274,71,Yes,99.4,7168.25
0,1275,72,Yes,20.1,1326.25
0,1276,36,No,60.7,2234.55
0,1277,25,Yes,20.95,495.15
1,1278,72,Yes,114.85,8317.95
0,1279,36,Yes,19.25,679.8
0,1280,1,Yes,62.8,62.8
0,1281,72,Yes,105.5,7544
0,1282,59,Yes,19.85,1188.25
1,1283,7,Yes,89.5,676.7
0,1284,1,Yes,74.1,74.1
0,1285,30,Yes,107.5,3242.5
0,1286,64,Yes,19.55,1240.15
0,1287,63,Yes,68.8,4111.35
1,1288,72,Yes,84.45,5899.85
0,1289,8,Yes,75,632.95
0,1290,62,Yes,84.5,5193.2
0,1291,67,Yes,111.2,7530.8
0,1292,6,Yes,44.75,270.95
0,1293,70,Yes,80.6,5460.2
1,1294,20,Yes,80.7,1614.2
0,1295,5,Yes,75.6,402.5
0,1296,24,No,57.6,1367.75
0,1297,11,Yes,44.05,483.7
0,1298,72,Yes,110.6,7962.2
0,1299,66,Yes,58.2,3810.8
0,1300,45,Yes,81,3533.6
0,1301,69,Yes,19.7,1396.9
1,1302,15,Yes,85.6,1345.55
0,1303,28,Yes,59.55,1646.45
0,1304,70,Yes,115.55,8127.6
0,1305,36,Yes,75.55,2680.15
1,1306,16,Yes,86.6,1281
0,1307,18,Yes,85.2,1553.9
0,1308,34,Yes,97.65,3207.55
0,1309,42,No,45.1,2049.05
0,1310,48,Yes,70.95,3629.2
0,1311,47,Yes,109.55,5124.55
0,1312,39,Yes,89.55,3474.45
0,1313,11,Yes,20.9,202.3
0,1314,7,Yes,19.95,147.5
0,1315,3,Yes,24.6,86.35
0,1316,8,Yes,66.7,579
0,1317,1,Yes,19.45,19.45
0,1318,32,Yes,94.8,3131.55
0,1319,60,Yes,65.85,3928.3
0,1320,10,Yes,19.95,187.75
0,1321,71,Yes,24.65,1710.15
0,1322,4,Yes,20.35,76.35
1,1323,1,Yes,69.25,69.25
0,1324,43,No,51.25,2151.6
0,1325,59,Yes,99.5,5961.1
0,1326,23,Yes,54.25,1221.55
0,1327,72,Yes,19.4,1496.45
0,1328,22,Yes,56.25,1292.2
0,1329,1,No,25.15,25.15
0,1330,69,Yes,23.95,1713.1
0,1331,50,No,35.4,1748.9
1,1332,1,No,25.2,25.2
0,1333,2,Yes,45,96.45
0,1334,15,Yes,75.35,1114.55
0,1335,31,Yes,20.4,609.1
0,1336,1,Yes,20.15,20.15
0,1337,66,Yes,105,7133.25
0,1338,3,Yes,54.7,169.45
0,1339,8,Yes,20,141.6
0,1340,64,Yes,73.05,4688.65
0,1341,28,Yes,20.5,563.05
0,1342,57,Yes,100.75,5985
0,1343,14,Yes,87.25,1258.6
0,1344,19,Yes,19.95,373.5
0,1345,10,Yes,79.95,857.2
0,1346,51,No,49.65,2553.35
0,1347,67,Yes,65.65,4322.85
0,1348,11,Yes,20.45,250.8
0,1349,72,No,60.95,4549.05
0,1350,66,Yes,20.35,1359.5
0,1351,18,Yes,88.35,1639.3
0,1352,9,Yes,19.5,178.85
0,1353,9,Yes,75.2,633.85
0,1354,48,Yes,111.45,5315.1
0,1355,10,Yes,70.15,735.5
0,1356,9,Yes,94.75,889.9
1,1357,13,Yes,95.05,1290
0,1358,4,Yes,78.45,330.05
0,1359,4,Yes,70.2,237.95
0,1360,72,Yes,92,6474.4
0,1361,51,Yes,85.5,4421.95
0,1362,59,No,41.05,2452.7
0,1363,10,Yes,85.6,813.85
1,1364,61,Yes,82.15,4904.85
0,1365,54,Yes,84.4,4484.05
0,1366,33,Yes,60.9,2033.85
0,1367,27,Yes,20.25,538.2
1,1368,1,Yes,79.2,79.2
0,1369,23,Yes,95.3,2192.9
0,1370,1,Yes,19.85,19.85
0,1371,45,Yes,84.35,3858.05
0,1372,39,Yes,19.85,854.8
0,1373,5,Yes,70,347.4
0,1374,72,Yes,82.3,5815.15
0,1375,58,Yes,66.8,3970.4
0,1376,70,No,44.6,3058.15
0,1377,61,Yes,98.45,6145.2
0,1378,2,Yes,70.7,129.2
0,1379,46,Yes,24.95,1165.9
0,1380,1,Yes,49.95,49.95
0,1381,22,Yes,69.25,1554
0,1382,48,Yes,102.5,4904.25
0,1383,64,Yes,86.55,5632.55
0,1384,72,Yes,24.3,1643.25
0,1385,12,Yes,58.35,740.55
1,1386,34,Yes,94.25,3217.55
0,1387,72,Yes,68.75,4888.2
0,1388,29,Yes,85.8,2440.25
0,1389,33,Yes,20.1,620.55
0,1390,1,Yes,20.35,20.35
0,1391,62,Yes,110.8,6840.95
0,1392,41,Yes,73,3001.2
0,1393,64,Yes,100.05,6254.2
0,1394,4,Yes,82.85,319.6
0,1395,24,Yes,84.35,1938.05
0,1396,14,Yes,19.55,294.5
0,1397,3,Yes,19.95,58.3
1,1398,4,Yes,99.8,442.85
0,1399,18,No,35,553
0,1400,8,Yes,66.25,546.45
0,1401,35,Yes,23.3,797.1
0,1402,1,Yes,76,76
0,1403,66,Yes,25.3,1673.8
0,1404,8,No,44.55,343.45
0,1405,71,Yes,104.1,7412.25
0,1406,43,Yes,92.55,4039
1,1407,2,Yes,93.85,170.85
1,1408,29,Yes,101.45,2948.6
0,1409,15,Yes,84.3,1308.4
0,1410,65,Yes,94.55,6078.75
0,1411,35,Yes,95.5,3418.2
0,1412,64,Yes,100.3,6603.8
0,1413,58,No,55.5,3166.9
1,1414,18,Yes,49.85,865.75
0,1415,67,Yes,89.55,6373.1
0,1416,63,Yes,19.15,1177.05
0,1417,60,Yes,99.8,5985.75
1,1418,9,Yes,84.4,732.5
0,1419,70,Yes,113.05,7869.05
0,1420,15,Yes,101.1,1504.05
0,1421,48,Yes,19.95,936.7
0,1422,12,Yes,74.15,741.4
1,1423,71,Yes,92,6585.2
1,1424,44,Yes,73.85,3122.4
0,1425,1,Yes,50.45,50.45
0,1426,45,Yes,24.45,1088.25
0,1427,23,Yes,24.8,615.35
0,1428,43,Yes,64.85,2908.2
0,1429,35,Yes,20.75,739.9
0,1430,9,Yes,68.95,593.85
0,1431,12,Yes,99.95,1132.75
1,1432,65,Yes,109.4,7227.45
0,1433,2,Yes,91.4,193.6
0,1434,27,Yes,49,1291.35
0,1435,40,Yes,50.25,2023.55
1,1436,5,Yes,75.55,349.65
0,1437,8,Yes,19.9,153.95
1,1438,58,Yes,97.8,5458.8
0,1439,52,Yes,100.3,5244.45
0,1440,3,Yes,55.8,154.55
0,1441,41,Yes,111.15,4507.15
0,1442,20,Yes,98.55,2031.95
0,1443,1,Yes,50.05,50.05
0,1444,4,Yes,80.8,332.45
0,1445,23,Yes,20.85,473.9
1,1446,6,Yes,19.5,106.8
0,1447,8,Yes,19.35,152.6
0,1448,18,Yes,69.5,1199.4
1,1449,52,No,48.8,2555.05
0,1450,31,Yes,94.5,2979.2
0,1451,29,Yes,20.65,654.85
0,1452,36,Yes,106.05,3834.4
0,1453,16,Yes,100,1534.75
0,1454,42,Yes,108.3,4586.15
0,1455,1,Yes,20.55,20.55
0,1456,60,Yes,99.65,5941.05
0,1457,5,Yes,85.3,424.15
0,1458,22,Yes,95.9,2234.95
0,1459,36,Yes,20,666.75
0,1460,4,Yes,70.4,281
0,1461,9,Yes,64.95,547.8
0,1462,1,Yes,74.6,74.6
0,1463,12,Yes,49.2,571.15
0,1464,23,Yes,73.75,1756.6
0,1465,62,Yes,92.3,5731.45
0,1466,37,Yes,98.8,3475.55
0,1467,8,Yes,19.2,156.85
0,1468,31,Yes,88.65,2683.2
0,1469,13,Yes,74.4,896.75
0,1470,24,Yes,98.75,2407.3
0,1471,45,Yes,95.95,4456.65
1,1472,69,Yes,105.4,6998.95
0,1473,2,Yes,20.25,36.8
0,1474,61,Yes,106,6547.7
0,1475,41,Yes,104.7,4346.4
0,1476,44,No,49.05,2265
0,1477,39,No,35.55,1309.15
0,1478,72,No,65.1,4754.3
1,1479,13,Yes,96.85,1235.55
0,1480,51,Yes,69.75,3562.5
1,1481,71,Yes,99.2,7213.75
1,1482,22,Yes,96.7,2082.95
0,1483,2,Yes,55.05,102.75
0,1484,56,Yes,106.8,5914.4
0,1485,1,Yes,51.25,51.25
0,1486,23,Yes,57.75,1282.85
1,1487,66,Yes,70.85,4738.85
0,1488,1,Yes,19.55,19.55
1,1489,19,Yes,88.2,1775.8
0,1490,11,Yes,79.5,795.65
0,1491,8,Yes,19.75,145
0,1492,52,Yes,98.15,4993.4
0,1493,3,Yes,20.25,61.45
0,1494,51,Yes,79.15,4018.55
1,1495,15,Yes,75.65,1146.65
1,1496,64,Yes,94.25,6081.4
0,1497,37,No,40.2,1478.85
0,1498,13,Yes,19.95,243.65
0,1499,49,Yes,55.35,2633.95
1,1500,45,Yes,102.15,4735.35
0,1501,18,Yes,71.1,1247.75
1,1502,1,Yes,74.7,74.7
0,1503,68,No,54.1,3794.5
0,1504,54,Yes,19.65,1008.7
1,1505,23,Yes,88.45,2130.55
0,1506,17,Yes,76.65,1313.55
0,1507,71,Yes,80.4,5727.15
0,1508,67,Yes,19.25,1372.9
0,1509,14,Yes,84.8,1203.9
1,1510,1,No,25.8,25.8
0,1511,63,Yes,19.5,1215.1
0,1512,41,Yes,68.6,2877.05
0,1513,17,Yes,92.6,1579.7
0,1514,56,Yes,100.55,5514.95
0,1515,5,Yes,20.55,96.1
0,1516,2,No,42.6,72.4
0,1517,3,Yes,19.6,55.25
0,1518,37,Yes,67.45,2443.3
0,1519,29,Yes,68.85,1970.5
0,1520,8,Yes,43.55,335.4
0,1521,63,Yes,109.85,7002.95
0,1522,7,Yes,20.65,158.95
0,1523,3,Yes,95.4,293.15
0,1524,72,Yes,21,1493.75
0,1525,19,Yes,56.2,1093.4
0,1526,59,Yes,18.4,1057.85
0,1527,2,Yes,90,190.05
0,1528,35,Yes,25.75,882.55
0,1529,14,Yes,19.6,300.4
0,1530,14,Yes,75.35,1025.95
0,1531,69,Yes,19.8,1436.95
1,1532,7,Yes,64.2,475
0,1533,69,Yes,75.75,5388.15
0,1534,72,Yes,78.95,5730.15
0,1535,8,Yes,100.85,819.55
0,1536,4,Yes,50.3,217.1
0,1537,63,Yes,80.3,4896.35
0,1538,72,Yes,19.85,1434.1
0,1539,46,Yes,21.1,937.1
0,1540,5,Yes,69.95,330.15
0,1541,30,Yes,50,1474.9
0,1542,63,Yes,104.75,6536.5
0,1543,60,Yes,19.85,1128.1
0,1544,63,Yes,107.5,6873.75
0,1545,25,Yes,85.9,2199.05
0,1546,1,Yes,45.85,45.85
1,1547,6,Yes,80.8,457.1
0,1548,22,Yes,25.25,566.5
0,1549,31,Yes,80.55,2471.6
0,1550,39,Yes,81.5,3107.3
0,1551,26,Yes,20.9,518.3
0,1552,53,Yes,106.1,5769.75
0,1553,1,Yes,91.7,91.7
0,1554,12,Yes,67.25,832.3
0,1555,16,Yes,95.6,1555.65
0,1556,2,Yes,20.35,45.3
0,1557,39,No,45.05,1790.6
0,1558,1,Yes,74.95,74.95
0,1559,7,No,34.65,246.6
1,1560,4,Yes,69.35,261.65
1,1561,10,Yes,95.35,898.35
0,1562,55,Yes,81.55,4509.5
0,1563,72,Yes,75.4,5480.25
0,1564,10,Yes,67.8,653.15
1,1565,11,Yes,111.4,1183.05
0,1566,15,Yes,46.3,639.45
0,1567,23,Yes,20.4,478.75
0,1568,1,Yes,20.05,20.05
1,1569,3,Yes,45,127.1
0,1570,47,Yes,96.1,4391.45
0,1571,15,Yes,19.65,270.6
0,1572,66,Yes,99.5,6710.5
1,1573,68,Yes,60.65,3975.9
0,1574,17,Yes,98.6,1704.95
0,1575,7,Yes,59.5,415.95
1,1576,12,Yes,80.45,950.2
1,1577,21,Yes,71.7,1497.05
0,1578,21,No,36,780.15
0,1579,56,Yes,65.2,3512.15
0,1580,6,Yes,48.95,273.25
1,1581,65,No,53.5,3517.9
0,1582,42,Yes,80.45,3375.9
0,1583,68,Yes,109.05,7508.55
0,1584,48,Yes,26.3,1245.05
1,1585,50,Yes,106.8,5347.95
1,1586,7,Yes,64.95,493.65
0,1587,63,Yes,19.35,1263.85
0,1588,17,Yes,21.1,385.55
0,1589,42,Yes,77.95,3384
0,1590,4,Yes,18.85,84.2
0,1591,62,Yes,26,1638.7
1,1592,2,Yes,74.7,165.4
0,1593,2,Yes,70.35,120.25
0,1594,48,Yes,96.9,4473.45
0,1595,27,Yes,19.55,520.55
0,1596,70,Yes,80.4,5717.85
1,1597,1,Yes,88.8,88.8
0,1598,46,Yes,94.65,4312.5
0,1599,30,Yes,90.25,2755.35
0,1600,15,Yes,64.65,994.55
0,1601,69,Yes,95.75,6511.25
0,1602,65,Yes,19.55,1218.65
1,1603,72,Yes,104.1,7447.7
1,1604,13,Yes,89.05,1169.35
0,1605,17,Yes,20.1,279.5
0,1606,51,Yes,111.55,5720.35
0,1607,51,Yes,60.5,3121.45
0,1608,72,Yes,90.95,6468.6
0,1609,67,Yes,87.4,5918.8
0,1610,34,Yes,19.7,675.6
0,1611,67,No,50.95,3521.7
0,1612,49,Yes,20.05,923.1
0,1613,53,Yes,19.4,1110.35
0,1614,27,Yes,59.45,1611.65
1,1615,23,Yes,94.75,2293.6
0,1616,69,Yes,81.5,5553.25
0,1617,2,No,29.05,44.75
0,1618,35,Yes,86.45,3029.1
0,1619,46,Yes,70.6,3231.05
0,1620,54,Yes,97.2,5129.45
0,1621,56,Yes,98.25,5508.35
0,1622,9,Yes,75.75,655.9
0,1623,20,Yes,59.2,1191.2
0,1624,11,Yes,75.9,866.4
1,1625,30,Yes,90.05,2627.2
0,1626,68,Yes,70.95,4741.45
1,1627,38,Yes,102.6,4009.2
1,1628,17,Yes,85.35,1463.45
0,1629,48,Yes,106.1,5082.8
0,1630,1,Yes,43.8,43.8
0,1631,63,No,59,3707.6
0,1632,3,Yes,69.95,220.45
0,1633,48,Yes,24.35,1133.7
0,1634,66,No,29.45,1983.15
0,1635,68,Yes,84.4,5746.75
1,1636,17,Yes,45.05,770.6
0,1637,7,Yes,20.65,134.05
0,1638,72,Yes,87.1,6230.1
0,1639,29,Yes,19.85,573.05
0,1640,37,Yes,90.35,3419.3
0,1641,34,Yes,109.8,3587.25
1,1642,42,Yes,84.65,3541.35
0,1643,59,Yes,65.5,3801.3
0,1644,11,Yes,79.5,868.5
1,1645,60,Yes,80.95,4859.1
0,1646,27,Yes,56.15,1439.35
0,1647,1,Yes,85.8,85.8
1,1648,1,Yes,79.1,79.1
0,1649,17,No,34.4,592.75
0,1650,58,Yes,20.75,1185.95
0,1651,1,Yes,18.8,18.8
0,1652,3,Yes,44.3,134.5
0,1653,53,Yes,90.8,4921.2
0,1654,35,Yes,25.6,901.25
0,1655,50,Yes,105.95,5341.8
0,1656,68,Yes,70.8,4859.95
0,1657,47,Yes,25.4,1139.2
1,1658,65,Yes,108.8,7082.45
0,1659,5,Yes,69.75,324.6
0,1660,51,Yes,94.65,4812.75
0,1661,46,Yes,96.05,4399.5
0,1662,9,Yes,76.85,663.55
0,1663,8,Yes,20.25,174.65
0,1664,14,Yes,24.8,321.7
0,1665,45,Yes,115.65,5125.5
0,1666,8,Yes,74.6,548.9
1,1667,1,Yes,50.15,50.15
0,1668,66,Yes,103.15,7031.3
0,1669,72,Yes,72.1,5016.65
0,1670,41,Yes,113.6,4594.95
0,1671,23,Yes,25.1,611.45
0,1672,29,Yes,78.9,2384.15
0,1673,4,Yes,80.15,319.85
0,1674,6,Yes,25.4,153.3
1,1675,67,Yes,105.4,7035.6
1,1676,7,Yes,45.75,344.2
0,1677,56,Yes,24.45,1431.65
0,1678,72,Yes,25,1849.2
0,1679,72,Yes,85.25,6083.1
0,1680,23,Yes,19.6,426.65
0,1681,35,Yes,50.15,1655.35
1,1682,27,Yes,70.55,1943.9
0,1683,26,Yes,60.05,1616.15
0,1684,12,Yes,26.4,314.95
0,1685,40,Yes,20.15,804.85
0,1686,7,No,58.85,465.7
0,1687,70,Yes,97.55,6669.05
0,1688,60,Yes,19.65,1161.75
0,1689,39,No,25.25,947.75
0,1690,72,Yes,114.45,8375.05
0,1691,1,No,34.7,34.7
0,1692,54,Yes,70.7,3770
0,1693,3,Yes,85.3,264.8
0,1694,63,Yes,75.55,4707.85
0,1695,71,Yes,84.8,6152.4
0,1696,42,Yes,20.65,958.1
0,1697,47,Yes,20.45,943
0,1698,66,Yes,102.45,6615.15
0,1699,21,Yes,104.4,2200.25
0,1700,11,No,35.65,425.1
0,1701,1,Yes,99.75,99.75
1,1702,55,Yes,90.45,5044.8
0,1703,69,Yes,97.65,6743.55
1,1704,3,Yes,73.85,196.4
0,1705,4,Yes,74.4,299.7
1,1706,30,Yes,69.1,2093.9
0,1707,5,Yes,82.75,417.75
0,1708,71,Yes,24.4,1725.4
0,1709,29,Yes,55.25,1620.2
0,1710,52,Yes,61.35,3169.55
0,1711,68,Yes,76.75,5233.25
0,1712,46,Yes,19.4,967.85
0,1713,8,Yes,54.75,438.05
0,1714,72,Yes,19.7,1421.9
0,1715,17,Yes,19.9,323.15
0,1716,3,Yes,107.95,318.6
1,1717,2,Yes,83.8,163.7
0,1718,9,Yes,74.25,639.65
0,1719,51,No,56.4,2928.5
0,1720,6,Yes,20.1,100.35
0,1721,3,Yes,94.9,273.2
1,1722,17,Yes,94.2,1608.15
0,1723,30,Yes,49.9,1441.95
0,1724,31,Yes,71.05,2168.15
0,1725,45,Yes,81.65,3618.7
0,1726,64,Yes,89.45,5692.65
0,1727,1,Yes,59.85,59.85
1,1728,1,Yes,69.6,69.6
1,1729,61,Yes,99,5969.3
0,1730,1,Yes,19.05,19.05
0,1731,9,No,45.4,418.8
0,1732,72,Yes,114.45,8100.55
0,1733,1,Yes,19.5,19.5
0,1734,7,Yes,44.25,313.45
0,1735,66,Yes,90.55,6130.95
0,1736,1,Yes,69.9,69.9
0,1737,40,Yes,20.4,745.3
0,1738,16,Yes,71.4,1212.1
0,1739,2,Yes,87.15,183.75
0,1740,67,Yes,24.85,1583.5
0,1741,41,Yes,104.45,4162.05
0,1742,56,Yes,19.8,1119.9
0,1743,72,Yes,116.45,8013.55
0,1744,3,Yes,84.75,264.85
0,1745,54,Yes,20.05,1102.4
1,1746,52,Yes,110.75,5832
0,1747,50,Yes,89.7,4304.5
0,1748,14,Yes,89.95,1178.4
0,1749,27,Yes,48.7,1421.75
1,1750,72,Yes,96.6,6827.5
0,1751,62,Yes,74.3,4698.05
0,1752,12,Yes,54.3,654.5
1,1753,44,Yes,74.85,3268.05
0,1754,54,Yes,79.95,4362.05
0,1755,68,Yes,20.05,1386.9
0,1756,20,Yes,19.4,415.4
0,1757,50,Yes,54.9,2614.1
0,1758,58,Yes,24.45,1513.6
0,1759,35,Yes,89.65,3161.6
0,1760,2,Yes,45.4,80.95
0,1761,63,Yes,75.7,4676.7
0,1762,58,Yes,110.65,6526.65
0,1763,27,Yes,20.55,583.3
0,1764,71,Yes,115.15,8078.1
0,1765,63,Yes,58.55,3503.5
0,1766,71,Yes,93.25,6669.45
1,1767,41,Yes,113.2,4689.5
1,1768,13,Yes,90.5,1201.15
0,1769,2,Yes,79,143.65
0,1770,68,Yes,19.35,1292.65
0,1771,1,Yes,48.75,48.75
1,1772,65,Yes,109.05,7108.2
1,1773,72,Yes,25,1802.55
0,1774,28,Yes,54.9,1505.15
0,1775,72,Yes,24.75,1859.1
0,1776,2,Yes,91.15,168.5
0,1777,18,Yes,20.15,390.85
1,1778,60,Yes,104.35,6339.45
1,1779,26,Yes,66.05,1652.4
0,1780,1,Yes,71.65,71.65
0,1781,4,Yes,20.35,77.5
0,1782,68,Yes,92.2,6392.85
0,1783,38,Yes,84.25,3264.5
1,1784,42,Yes,105.2,4599.15
0,1785,57,Yes,19.6,1134.25
0,1786,54,No,30.4,1621.35
0,1787,12,Yes,78.1,947.3
0,1788,44,Yes,61.5,2722.2
0,1789,42,Yes,69.4,3058.3
0,1790,72,Yes,24.75,1769.6
0,1791,71,Yes,91.05,6293.75
0,1792,19,Yes,89.65,1761.05
0,1793,23,Yes,73.65,1642.75
0,1794,30,Yes,19.4,578.5
0,1795,35,Yes,26.2,954.9
0,1796,10,Yes,98.7,973.25
0,1797,1,Yes,43.85,43.85
0,1798,22,Yes,69.7,1490.4
0,1799,7,No,38.55,280
0,1800,36,No,53.1,1901.25
0,1801,34,Yes,20.65,716.4
0,1802,72,Yes,64.45,4720
0,1803,36,Yes,25.1,930.95
0,1804,1,Yes,76.35,76.35
0,1805,23,Yes,79.15,1676.95
1,1806,32,Yes,85,2642.05
0,1807,71,Yes,95.15,6770.85
1,1808,23,Yes,79.35,1835.3
0,1809,17,Yes,96.65,1588.25
0,1810,1,Yes,75.5,75.5
0,1811,12,Yes,19.7,258.35
0,1812,72,Yes,20.5,1502.25
0,1813,1,Yes,19.2,19.2
1,1814,72,Yes,98.35,6929.4
0,1815,60,Yes,74.35,4453.3
0,1816,61,No,51.35,3244.4
0,1817,6,Yes,45.65,323.45
1,1818,32,Yes,85.3,2661.1
0,1819,31,Yes,86.55,2697.4
0,1820,19,Yes,73.85,1424.5
0,1821,72,Yes,20.3,1401.15
0,1822,32,Yes,54.2,1739.6
0,1823,65,Yes,90.65,5931
0,1824,45,No,50.9,2333.85
0,1825,42,Yes,25.05,949.85
0,1826,8,Yes,74.85,572.45
0,1827,32,Yes,20.5,696.8
1,1828,22,Yes,63.55,1381.8
1,1829,57,No,44.85,2572.95
0,1830,1,Yes,47.95,47.95
1,1831,1,Yes,45.1,45.1
0,1832,1,Yes,45,45
0,1833,24,Yes,96,2122.45
0,1834,1,Yes,20.05,20.05
1,1835,54,Yes,90.05,4931.8
0,1836,4,Yes,25.3,116.95
0,1837,65,Yes,108.65,6937.95
0,1838,56,Yes,24.3,1261.7
0,1839,45,Yes,75.95,3273.8
0,1840,71,Yes,19.7,1415.85
0,1841,59,Yes,66.4,3958.2
0,1842,69,No,35.75,2492.25
0,1843,19,Yes,18.8,279.2
0,1844,55,Yes,19.4,1083
0,1845,38,Yes,19.3,755.5
0,1846,10,Yes,45.55,402.6
1,1847,47,Yes,67.45,3252
0,1848,2,No,35.1,68.75
0,1849,1,Yes,46.2,46.2
0,1850,1,Yes,45.15,45.15
1,1851,1,No,43.3,43.3
0,1852,46,Yes,20.1,936.85
1,1853,38,Yes,57.15,2250.65
0,1854,65,Yes,58.9,3857.1
0,1855,19,Yes,73.2,1441.1
0,1856,52,Yes,85.35,4338.6
0,1857,71,Yes,19.45,1378.45
0,1858,1,Yes,45.95,45.95
1,1859,52,No,50.5,2566.3
0,1860,6,Yes,25.1,171
1,1861,26,Yes,60.7,1597.4
1,1862,48,Yes,99,4744.35
0,1863,64,Yes,104.4,6721.6
0,1864,3,Yes,83.75,247.25
0,1865,1,Yes,44.05,44.05
0,1866,72,Yes,24.1,1734.65
0,1867,1,Yes,45.55,45.55
0,1868,51,Yes,93.8,4539.35
0,1869,41,Yes,19.7,804.25
0,1870,72,Yes,70.65,5011.15
0,1871,43,Yes,86.45,3574.5
0,1872,72,Yes,114.1,8086.4
0,1873,47,Yes,95.2,4563
0,1874,72,Yes,88.55,6362.35
0,1875,3,Yes,20.75,67.1
0,1876,1,Yes,70.05,70.05
0,1877,2,Yes,86,165.45
0,1878,26,No,44.65,1156.55
0,1879,29,Yes,60.2,1834.15
1,1880,35,Yes,100.5,3653.35
0,1881,27,Yes,55.45,1477.65
0,1882,24,Yes,70.3,1706.45
0,1883,67,Yes,60.4,3953.7
0,1884,16,Yes,72.65,1194.3
0,1885,23,Yes,55.8,1327.85
0,1886,14,No,31.1,419.7
0,1887,1,Yes,21,21
1,1888,1,Yes,45.1,45.1
1,1889,4,No,50.95,207.35
0,1890,16,Yes,69.1,1083.7
0,1891,46,No,43.95,2007.85
0,1892,68,Yes,86.5,5882.75
0,1893,38,Yes,69.95,2657.55
1,1894,30,Yes,50.4,1527.5
1,1895,5,Yes,78.95,378.4
0,1896,17,Yes,90.95,1612.2
0,1897,4,Yes,19.9,76.65
0,1898,12,Yes,20.15,260.7
0,1899,72,Yes,90.6,6441.85
0,1900,3,Yes,92,266.8
0,1901,56,Yes,94.45,5124.6
0,1902,41,Yes,24.85,962.25
0,1903,40,No,36,1382.9
0,1904,7,Yes,78.5,571.05
0,1905,69,Yes,19.95,1399.35
0,1906,7,Yes,20.65,150
0,1907,5,No,30.5,167.2
0,1908,72,Yes,106.1,7657.4
0,1909,44,Yes,20.5,865.05
0,1910,65,Yes,95.5,6153.85
0,1911,3,Yes,64.6,174.2
0,1912,24,Yes,51.1,1269.6
0,1913,44,Yes,84.8,3862.55
1,1914,72,Yes,89.1,6352.4
0,1915,24,Yes,54.95,1348.5
0,1916,1,Yes,50.9,50.9
0,1917,22,Yes,20.45,471.55
0,1918,70,Yes,85.95,5931.75
0,1919,25,Yes,60.35,1404.65
0,1920,37,Yes,19.8,726.1
1,1921,22,Yes,85.35,1961.6
0,1922,59,Yes,72.1,4194.85
0,1923,49,Yes,99.8,4872.45
0,1924,47,Yes,107.35,5118.95
0,1925,31,Yes,19.55,658.95
0,1926,1,Yes,81.05,81.05
0,1927,3,Yes,20.5,76.95
0,1928,53,Yes,111.8,5809.75
0,1929,1,Yes,20.2,20.2
0,1930,20,Yes,19.7,415.9
0,1931,3,Yes,79.1,246.5
0,1932,51,Yes,19.85,996.95
0,1933,51,Yes,60.5,3145.15
0,1934,13,Yes,19.55,265.3
0,1935,1,Yes,20.9,20.9
0,1936,1,Yes,21.05,21.05
0,1937,63,Yes,71.5,4576.3
0,1938,3,Yes,54.65,189.1
0,1939,46,Yes,19.2,908.15
0,1940,1,Yes,49.8,49.8
0,1941,8,No,25.5,215.2
0,1942,71,Yes,20.5,1500.95
0,1943,55,Yes,90.4,5099.15
0,1944,70,Yes,90.25,6385.95
0,1945,2,Yes,80.75,159.45
0,1946,67,Yes,104.6,6885.75
0,1947,65,Yes,91.85,5940.85
0,1948,14,Yes,50.2,668.85
0,1949,20,Yes,95.5,1916.2
0,1950,1,Yes,75.35,75.35
0,1951,1,Yes,75.45,75.45
0,1952,49,Yes,95.4,4613.95
0,1953,72,Yes,101.3,7261.25
0,1954,46,Yes,53.1,2459.8
0,1955,24,Yes,84.85,2048.8
0,1956,5,No,34.25,163.55
0,1957,33,Yes,88.6,2888.7
0,1958,42,Yes,60.15,2421.6
0,1959,23,Yes,99.95,2292.75
0,1960,8,Yes,70.7,553.4
0,1961,66,Yes,54.8,3465.7
0,1962,24,Yes,49.55,1210.4
1,1963,24,Yes,54.8,1291.3
0,1964,69,Yes,78.6,5356.45
0,1965,53,Yes,100.3,5200.8
0,1966,60,No,53.6,3237.05
0,1967,7,Yes,81.1,576.65
0,1968,20,Yes,19.35,433.75
0,1969,23,Yes,85.6,1868.4
0,1970,72,Yes,80.8,5728.55
0,1971,11,Yes,74.95,825.7
0,1972,21,Yes,19.6,390.4
1,1973,1,Yes,93.55,93.55
1,1974,31,Yes,90.7,2845.15
0,1975,57,Yes,69.75,3894.4
0,1976,45,Yes,20,886.4
0,1977,10,Yes,95.25,1021.55
0,1978,58,Yes,102.1,5885.4
0,1979,14,Yes,19.95,268.4
0,1980,27,Yes,80.85,2204.35
0,1981,14,Yes,90.9,1259
0,1982,12,No,29.2,309.1
0,1983,69,Yes,93.3,6398.05
0,1984,25,Yes,89.15,2257.75
1,1985,58,Yes,108.85,6287.25
0,1986,35,No,46.35,1662.05
1,1987,16,Yes,84.75,1350.15
0,1988,45,Yes,78.75,3600.65
0,1989,17,Yes,83.55,1329.15
0,1990,1,Yes,45.7,45.7
0,1991,22,Yes,19.6,422.5
1,1992,1,Yes,69.95,69.95
0,1993,67,Yes,67.85,4627.65
0,1994,67,Yes,105.65,6717.9
0,1995,2,No,44.6,97.1
0,1996,23,Yes,74.95,1710.45
1,1997,9,Yes,75.5,637.4
0,1998,5,Yes,20.15,117.95
0,1999,54,No,45.2,2460.55
0,2000,57,Yes,95.25,5464.65
0,2001,24,Yes,89.85,2165.05
0,2002,49,Yes,100.45,4941.8
0,2003,5,Yes,47.15,223.15
0,2004,2,Yes,80.2,181.1
0,2005,4,Yes,87.1,341.45
0,2006,70,Yes,79.25,5731.85
0,2007,5,Yes,75.9,357.75
0,2008,53,Yes,85.7,4616.1
0,2009,47,Yes,98.75,4533.7
0,2010,31,Yes,20.1,589.25
0,2011,13,Yes,61.8,750.1
0,2012,28,Yes,49.9,1410.25
0,2013,10,Yes,86.45,830.85
0,2014,38,Yes,20.4,743.5
0,2015,1,Yes,45.3,45.3
0,2016,67,Yes,104.1,7040.85
0,2017,52,Yes,75.4,3865.45
0,2018,62,Yes,108.15,6825.65
0,2019,16,Yes,86.25,1340.1
1,2020,5,Yes,81,371.65
0,2021,12,Yes,95.7,1184
0,2022,72,Yes,116.85,8477.7
1,2023,71,Yes,105.75,7382.85
0,2024,24,Yes,20.15,456.85
0,2025,15,Yes,19.6,331.6
0,2026,67,Yes,90.6,6056.15
0,2027,2,Yes,60.95,134.6
0,2028,5,No,25.05,125.5
0,2029,15,Yes,88.15,1390.6
0,2030,1,Yes,20.2,20.2
0,2031,41,Yes,60.3,2511.3
0,2032,43,Yes,63.95,2737.05
1,2033,1,Yes,74.3,74.3
1,2034,1,Yes,70.6,70.6
0,2035,26,Yes,90.8,2361.8
0,2036,22,Yes,79.35,1730.35
0,2037,71,Yes,90.55,6404
0,2038,7,Yes,19.45,165.35
1,2039,28,Yes,64.45,1867.6
1,2040,16,Yes,69.65,1043.3
0,2041,7,Yes,19.5,128.6
0,2042,69,Yes,110.5,7455.45
0,2043,1,No,24.7,24.7
0,2044,3,Yes,77.4,206.15
1,2045,21,Yes,96.8,2030.3
0,2046,69,Yes,85.4,5869.4
0,2047,71,No,47.6,3377.8
0,2048,69,Yes,19.4,1346.2
0,2049,48,Yes,103.85,4946.05
0,2050,47,Yes,83.35,4065
0,2051,2,Yes,49.4,106.55
0,2052,45,Yes,108.45,4964.7
0,2053,51,Yes,81,4085.75
0,2054,22,Yes,79.2,1742.75
0,2055,72,Yes,86.65,6224.8
0,2056,37,Yes,92.95,3415.25
0,2057,71,Yes,90.35,6325.25
0,2058,7,Yes,48.7,340.25
0,2059,66,Yes,25.15,1683.6
0,2060,51,Yes,76.4,3966.3
0,2061,30,Yes,19.55,608.5
0,2062,34,Yes,85.35,2896.6
0,2063,64,Yes,24.8,1514.85
1,2064,65,Yes,103.15,6792.45
0,2065,47,Yes,100.75,4669.2
0,2066,1,Yes,95.6,95.6
0,2067,49,Yes,59.75,2934.3
0,2068,67,Yes,94.1,6302.8
0,2069,39,Yes,19.35,779.2
0,2070,14,Yes,19.9,283.75
1,2071,43,Yes,108.15,4600.7
1,2072,56,Yes,101.05,5594
0,2073,14,Yes,59.1,772.85
0,2074,1,Yes,71.35,71.35
0,2075,16,Yes,55.85,857.8
0,2076,70,Yes,106.05,7554.05
1,2077,72,Yes,84.1,5981.65
0,2078,23,Yes,75.3,1702.9
0,2079,21,Yes,24.7,467.15
0,2080,1,Yes,20.15,20.15
0,2081,1,Yes,69.75,69.75
1,2082,32,Yes,93.2,2931
0,2083,17,Yes,80.85,1400.85
0,2084,4,No,33.65,137.85
0,2085,36,Yes,55.8,1941.5
0,2086,50,No,39.7,1932.75
0,2087,48,No,29.5,1423.05
0,2088,50,Yes,20.15,970.85
0,2089,72,Yes,79.55,5810.9
0,2090,10,Yes,24.8,223.9
0,2091,18,Yes,19.65,391.7
0,2092,1,Yes,79.95,79.95
0,2093,1,Yes,19.3,19.3
0,2094,9,Yes,94.05,811.65
0,2095,2,Yes,90.75,174.75
0,2096,40,Yes,78.85,3126.85
0,2097,69,Yes,99.5,6841.45
0,2098,37,Yes,99.2,3754.6
0,2099,18,Yes,80.55,1406.65
1,2100,11,Yes,70.2,834.7
0,2101,8,Yes,85.2,627.4
0,2102,3,Yes,75.25,242
0,2103,55,Yes,59.45,3157
0,2104,33,Yes,93.35,3092
0,2105,46,Yes,44.95,2168.9
0,2106,34,Yes,26.1,980.35
0,2107,3,Yes,20.2,65.95
0,2108,30,Yes,21.25,711.9
0,2109,33,Yes,59.4,1952.8
0,2110,45,Yes,95,4368.85
0,2111,40,Yes,61.9,2647.1
0,2112,71,Yes,118.65,8477.6
0,2113,1,Yes,54.35,54.35
0,2114,72,No,64.45,4528
0,2115,22,Yes,80.15,1790.65
0,2116,46,Yes,20.2,845.6
0,2117,55,Yes,21,1210.3
0,2118,1,Yes,20.45,20.45
0,2119,12,Yes,75.85,854.45
0,2120,31,Yes,80.45,2429.1
0,2121,5,No,24.95,100.4
0,2122,67,Yes,75.5,5229.45
0,2123,1,Yes,44.45,44.45
0,2124,40,No,42.35,1716.45
0,2125,41,Yes,74.55,3023.55
0,2126,1,Yes,75.3,75.3
0,2127,51,Yes,94.8,4837.6
0,2128,42,No,48.15,2032.3
0,2129,23,Yes,19.65,436.9
1,2130,1,Yes,70.55,70.55
0,2131,1,Yes,20.15,20.15
0,2132,56,Yes,106.6,5893.95
0,2133,15,Yes,91,1430.05
0,2134,12,Yes,25.4,313
0,2135,54,Yes,69.95,3871.85
0,2136,7,Yes,66.85,458.1
0,2137,33,Yes,86.15,2745.7
0,2138,16,Yes,20.15,341.35
0,2139,21,Yes,64.85,1336.8
1,2140,30,Yes,74.85,2181.75
0,2141,3,Yes,50.5,147.75
0,2142,11,Yes,72.9,818.45
0,2143,62,Yes,115.05,7133.45
0,2144,18,Yes,19,348.8
0,2145,6,Yes,19.55,128.6
0,2146,46,Yes,101.1,4674.4
0,2147,21,Yes,84.1,1737.45
0,2148,68,Yes,24.15,1498.85
0,2149,1,Yes,50.1,50.1
0,2150,25,Yes,74.6,1797.75
0,2151,24,Yes,19.75,498.1
0,2152,30,Yes,85,2624.25
0,2153,2,Yes,80.55,184.1
0,2154,51,Yes,106.8,5498.8
0,2155,57,Yes,84.5,4845.4
0,2156,15,Yes,25.05,369.1
0,2157,72,Yes,83.7,6096.9
0,2158,2,Yes,75.8,160.75
0,2159,28,Yes,96.6,2684.35
1,2160,29,Yes,98.5,3004.15
0,2161,70,Yes,101.1,6994.8
0,2162,13,Yes,20.2,273.25
1,2163,59,Yes,94.05,5483.9
1,2164,13,Yes,95.25,1233.65
1,2165,7,Yes,74.4,527.9
0,2166,62,Yes,81,4985.9
0,2167,21,Yes,60.25,1258.35
0,2168,2,Yes,60.85,111.4
0,2169,1,Yes,43.95,43.95
0,2170,4,Yes,86.05,308.1
0,2171,19,Yes,20.25,383.65
0,2172,30,Yes,85.15,2555.9
0,2173,67,Yes,19.4,1284.2
1,2174,72,Yes,102.65,7550.3
0,2175,53,Yes,19.9,1110.05
0,2176,5,Yes,19.55,99.6
1,2177,71,Yes,95.5,6707.15
0,2178,50,Yes,84.15,4164.4
0,2179,56,Yes,103.2,5873.75
0,2180,2,Yes,50.2,109.25
1,2181,2,Yes,88.55,179.25
0,2182,24,Yes,54.75,1338.15
0,2183,46,Yes,19.95,862.4
0,2184,71,Yes,116.25,8564.75
0,2185,29,No,31.2,926.2
0,2186,69,Yes,24.45,1718.2
0,2187,71,Yes,84.2,5956.85
1,2188,1,Yes,91.3,91.3
1,2189,56,Yes,85.65,4824.45
0,2190,56,Yes,21.2,1238.65
0,2191,1,Yes,79.5,79.5
0,2192,28,Yes,25.55,672.2
0,2193,19,Yes,20.2,382.2
0,2194,66,Yes,63.85,4264.6
0,2195,17,Yes,61.95,1070.7
0,2196,52,Yes,25.75,1345.85
0,2197,19,Yes,58.2,1045.25
0,2198,36,Yes,85.85,3003.55
1,2199,7,Yes,70.1,467.55
0,2200,72,Yes,104.9,7537.5
0,2201,67,Yes,111.3,7482.1
1,2202,34,Yes,99.85,3343.15
1,2203,57,Yes,95.25,5427.05
0,2204,7,Yes,86.25,587.1
1,2205,1,Yes,100.8,100.8
0,2206,8,Yes,19.55,161.15
0,2207,69,Yes,104,7028.5
0,2208,50,Yes,104.4,5232.9
0,2209,10,Yes,19.5,225.85
0,2210,12,Yes,25.25,274.7
0,2211,14,Yes,86.3,1180.95
0,2212,70,No,49.85,3370.2
1,2213,64,Yes,108.95,7111.3
0,2214,66,Yes,89.9,5958.85
0,2215,71,Yes,82,5999.85
1,2216,20,Yes,89.95,1648.45
0,2217,72,Yes,79.35,5753.25
0,2218,71,Yes,64.05,4492.9
0,2219,38,Yes,101.15,3956.7
0,2220,28,Yes,89.95,2625.55
1,2221,17,Yes,76.45,1233.4
0,2222,33,No,39.1,1309
0,2223,23,No,34.6,813.45
0,2224,58,Yes,19.55,1108.8
1,2225,70,Yes,104.45,7349.35
0,2226,4,Yes,70.5,294.2
0,2227,45,Yes,20.35,929.2
0,2228,10,Yes,70,740
0,2229,36,Yes,19.45,754.5
0,2230,54,Yes,69.9,3883.3
0,2231,23,Yes,59.7,1414.2
0,2232,41,Yes,78.35,3211.2
1,2233,5,Yes,71.45,371.6
0,2234,27,No,45.85,1246.4
0,2235,1,Yes,95.85,95.85
0,2236,67,No,35.7,2545.7
1,2237,72,Yes,89.55,6448.85
0,2238,56,Yes,24.95,1468.9
0,2239,44,Yes,24.85,1013.6
1,2240,66,Yes,100.8,6690.75
0,2241,34,Yes,64.4,2088.75
0,2242,69,Yes,105.35,7240.65
0,2243,1,Yes,102.45,102.45
0,2244,40,Yes,19.65,830.25
0,2245,30,Yes,54.45,1588.7
0,2246,11,Yes,70.5,829.3
0,2247,15,Yes,20.1,302.45
0,2248,11,Yes,69.35,712.25
0,2249,64,Yes,19.8,1336.65
1,2250,72,Yes,74.4,5360.75
1,2251,72,Yes,93.05,6735.05
0,2252,1,Yes,51.2,51.2
0,2253,15,Yes,65.6,1010
0,2254,60,Yes,80.55,4847.05
0,2255,56,Yes,52.7,3019.7
0,2256,8,Yes,20.85,161.65
0,2257,3,Yes,80.1,217.55
0,2258,49,Yes,52.15,2583.75
0,2259,2,Yes,80.2,146.05
0,2260,6,Yes,98.15,567.45
0,2261,70,Yes,114.95,7711.25
0,2262,12,Yes,112.95,1384.75
1,2263,52,Yes,104.45,5481.25
0,2264,72,Yes,113.65,8124.2
0,2265,40,Yes,20.6,827.3
0,2266,1,Yes,70.9,70.9
1,2267,3,Yes,86.85,220.95
1,2268,40,Yes,91.55,3673.6
0,2269,1,Yes,49.85,49.85
0,2270,30,Yes,19.8,576.65
0,2271,23,Yes,99.85,2331.3
0,2272,1,Yes,74.5,74.5
1,2273,44,Yes,104.15,4495.65
0,2274,65,Yes,109.15,6941.2
1,2275,7,Yes,48.2,340.35
1,2276,72,Yes,25.1,1789.9
1,2277,8,Yes,100.15,908.55
0,2278,16,Yes,65.2,1043.35
1,2279,66,Yes,99.5,6822.15
0,2280,1,Yes,71.55,71.55
0,2281,3,Yes,55.9,157.55
0,2282,53,Yes,93.9,5029.2
1,2283,8,Yes,64.4,581.7
1,2284,69,Yes,108.4,7318.2
0,2285,5,Yes,85.3,420.45
0,2286,72,Yes,107.45,7576.7
0,2287,13,No,48.75,633.4
0,2288,4,Yes,85.65,321.65
0,2289,54,Yes,91.3,4965
0,2290,72,Yes,85.95,6151.9
0,2291,12,Yes,106.7,1253.9
0,2292,1,No,25.15,25.15
1,2293,1,Yes,45.2,45.2
0,2294,54,Yes,110.35,5893.15
0,2295,69,Yes,79.2,5420.65
0,2296,48,Yes,55.5,2627.35
0,2297,48,Yes,103.25,5037.55
0,2298,8,Yes,90.25,743.75
0,2299,71,Yes,91.25,6589.6
0,2300,2,Yes,47.8,92.45
0,2301,67,Yes,100.9,6733.15
0,2302,34,Yes,97.7,3410
0,2303,3,Yes,69.85,199.85
0,2304,9,Yes,65.6,593.3
0,2305,71,Yes,104.65,7288.4
0,2306,57,Yes,90.45,5229.8
0,2307,72,No,63.7,4464.8
1,2308,48,Yes,104.5,5068.05
0,2309,18,Yes,20.1,401.85
0,2310,43,Yes,104.3,4451.85
0,2311,72,Yes,93.25,6688.95
0,2312,35,Yes,73.45,2661.1
0,2313,4,Yes,20.7,73.05
0,2314,49,Yes,25.25,1211.65
0,2315,71,Yes,100.5,7030.65
0,2316,11,Yes,90.6,1020.2
0,2317,63,Yes,89.4,5597.65
1,2318,65,Yes,95.45,6223.3
0,2319,49,Yes,20.45,1024.65
0,2320,29,Yes,98.6,2933.2
1,2321,15,Yes,83.05,1258.3
0,2322,4,Yes,19.95,82.9
0,2323,72,Yes,109.15,7789.6
1,2324,26,Yes,85.7,2067
1,2325,35,Yes,102.05,3452.55
0,2326,57,Yes,94.7,5468.95
0,2327,28,Yes,64.4,1802.15
0,2328,25,Yes,26.8,733.55
0,2329,47,Yes,66.05,3021.45
0,2330,57,Yes,65.2,3687.85
1,2331,16,Yes,85.05,1391.15
0,2332,5,Yes,55.8,274.35
0,2333,17,Yes,70.4,1214.05
1,2334,56,Yes,104.75,5510.65
0,2335,72,Yes,19.95,1322.85
1,2336,21,Yes,94.25,1973.75
0,2337,48,No,45,2196.3
0,2338,68,Yes,114.9,7843.55
0,2339,30,Yes,106.4,3211.9
0,2340,3,Yes,46.1,130.15
1,2341,14,No,39.7,692.35
0,2342,4,Yes,20.05,85.5
0,2343,71,Yes,95.75,6849.4
0,2344,8,Yes,24.4,203.95
0,2345,61,No,33.6,2117.2
0,2346,72,Yes,90.45,6565.85
0,2347,5,Yes,84,424.75
0,2348,49,Yes,67.4,3306.85
0,2349,8,Yes,19.7,168.9
0,2350,3,Yes,80.35,253.8
0,2351,9,Yes,19.6,197.4
0,2352,67,Yes,54.2,3838.2
0,2353,46,Yes,45.2,2065.15
0,2354,67,Yes,75.1,5064.45
0,2355,55,Yes,19.7,1140.05
0,2356,33,Yes,72.75,2447.45
0,2357,62,Yes,20.05,1263.9
0,2358,1,Yes,45.95,45.95
0,2359,49,No,39.2,1838.15
0,2360,1,Yes,44.75,44.75
0,2361,14,Yes,82.65,1185
1,2362,18,Yes,93.9,1743.9
1,2363,1,Yes,70.15,70.15
0,2364,1,Yes,85.55,85.55
0,2365,72,Yes,117.15,8529.5
0,2366,64,Yes,99.25,6549.45
0,2367,69,Yes,112.55,7806.5
0,2368,1,Yes,25.7,25.7
0,2369,71,Yes,90.3,6287.3
0,2370,66,Yes,49.4,3251.85
0,2371,2,Yes,19.4,50.6
1,2372,71,Yes,109.7,7904.25
0,2373,11,Yes,61.25,729.95
0,2374,47,Yes,55.3,2654.05
0,2375,35,Yes,70.3,2416.55
1,2376,32,Yes,106.35,3520.75
0,2377,60,Yes,103.75,5969.95
0,2378,11,Yes,19.5,226.8
0,2379,29,No,39.5,1082.75
0,2380,21,No,26.05,565.75
1,2381,48,Yes,91.05,4370.75
0,2382,3,No,29.65,90.05
0,2383,43,Yes,50.2,2169.4
0,2384,5,Yes,105.3,550.6
0,2385,1,Yes,55.45,55.45
0,2386,71,Yes,85.45,6300.85
0,2387,8,Yes,19.8,160.05
0,2388,8,Yes,59.25,436.6
0,2389,20,Yes,90.7,1781.35
0,2390,33,Yes,103.7,3467
0,2391,71,Yes,79.05,5552.5
1,2392,31,Yes,90.7,2835.5
1,2393,38,Yes,95,3591.25
0,2394,1,Yes,88.35,88.35
0,2395,2,No,30.25,63.75
0,2396,12,No,49.85,617.15
0,2397,9,Yes,93,870.25
1,2398,11,Yes,54.55,601.25
0,2399,6,Yes,19.7,111.65
0,2400,71,Yes,84.8,6046.1
0,2401,42,Yes,94.45,3923.8
0,2402,8,Yes,94.2,777.3
0,2403,5,Yes,96.25,512.45
0,2404,2,Yes,70.7,141.45
0,2405,45,Yes,20.85,892.15
0,2406,28,No,60,1682.05
0,2407,43,Yes,80.45,3398.9
0,2408,60,Yes,84.95,4984.85
0,2409,42,No,33.55,1445.3
0,2410,7,No,49.65,305.55
0,2411,25,Yes,20.2,507.9
1,2412,40,Yes,94.55,3640.45
0,2413,27,Yes,100.5,2673.45
0,2414,10,No,35.75,389.8
1,2415,27,Yes,86.45,2401.05
0,2416,11,Yes,53.8,651.55
0,2417,4,No,38.55,156.1
0,2418,68,No,39.9,2796.35
1,2419,1,Yes,70.05,70.05
0,2420,18,Yes,20.1,407.05
0,2421,57,Yes,112.95,6465
0,2422,26,Yes,20.3,511.25
0,2423,17,No,35.65,646.05
0,2424,1,No,35.9,35.9
0,2425,38,Yes,99.25,3777.15
1,2426,59,Yes,82.95,4903.15
0,2427,30,Yes,55.65,1653.85
1,2428,2,No,24.45,47.5
1,2429,50,Yes,25.2,1306.3
0,2430,9,No,50.8,463.6
0,2431,3,Yes,19.65,60.65
0,2432,14,Yes,59.8,824.85
1,2433,31,Yes,73.55,2094.65
0,2434,7,Yes,61.4,438.9
0,2435,8,Yes,103.35,847.3
0,2436,17,Yes,19.9,329.75
0,2437,32,Yes,19.45,674.55
1,2438,2,Yes,81.5,162.55
1,2439,7,Yes,84.8,546.95
0,2440,72,Yes,109.55,7887.25
1,2441,31,Yes,99.95,3186.65
0,2442,27,Yes,74.4,1972.35
0,2443,18,Yes,90,1527.35
0,2444,7,Yes,74.9,490.55
1,2445,14,Yes,104.85,1531.4
0,2446,11,Yes,59.65,683.25
0,2447,72,Yes,110.45,8058.85
0,2448,28,Yes,106.1,2847.4
1,2449,15,Yes,74.2,1133.9
1,2450,4,Yes,74.45,294.45
0,2451,71,Yes,24.55,1719.15
0,2452,5,Yes,89.35,461.7
0,2453,47,Yes,24.55,1160.45
1,2454,57,Yes,90.65,5199.8
1,2455,50,Yes,105.05,5163.3
0,2456,8,Yes,20.45,162.3
0,2457,48,Yes,19.55,883.35
0,2458,70,Yes,19.7,1341.5
0,2459,1,Yes,70.45,70.45
0,2460,8,Yes,85.65,659.45
0,2461,1,Yes,77.15,77.15
0,2462,1,No,35.25,35.25
0,2463,60,Yes,20.55,1205.05
0,2464,49,Yes,97.95,4917.9
0,2465,4,No,48.55,201
0,2466,29,Yes,20,599.3
0,2467,67,Yes,25.25,1733.15
0,2468,53,Yes,98.4,5149.5
0,2469,67,Yes,70.9,4677.1
0,2470,6,Yes,19.85,119.3
0,2471,47,Yes,106.35,4849.1
0,2472,53,Yes,99.5,5424.25
0,2473,69,Yes,84.7,5878.9
0,2474,3,Yes,86.05,244.85
0,2475,4,Yes,44.55,220.75
0,2476,56,Yes,75.85,4261.2
1,2477,59,Yes,93.85,5574.75
1,2478,61,Yes,25,1501.75
0,2479,2,Yes,45,89.75
1,2480,46,Yes,100.7,4541.2
0,2481,12,Yes,20.5,255.5
0,2482,14,Yes,80.45,1072
0,2483,28,Yes,90.45,2509.25
0,2484,24,Yes,60.45,1440.75
0,2485,31,Yes,55.25,1715.65
0,2486,68,Yes,78.45,5333.35
0,2487,39,Yes,100.55,3895.35
0,2488,42,Yes,20.35,869.9
0,2489,13,No,54.45,706.85
0,2490,6,Yes,90.75,512.25
0,2491,35,Yes,75.35,2636.05
0,2492,38,Yes,20.25,814.75
0,2493,18,Yes,20.05,388.6
0,2494,4,Yes,19.6,93.45
0,2495,27,Yes,53.8,1389.85
0,2496,41,Yes,70.2,2894.55
0,2497,50,Yes,75.5,4025.6
0,2498,72,Yes,20.35,1354.4
0,2499,70,Yes,26.05,1856.4
0,2500,44,Yes,20.6,926
0,2501,2,Yes,75.7,189.2
0,2502,34,Yes,20.1,682.1
1,2503,72,Yes,24.3,1778.7
0,2504,71,Yes,24.5,1816.2
0,2505,64,Yes,110.5,7069.25
0,2506,72,Yes,25.25,1841.2
0,2507,1,Yes,74.25,74.25
1,2508,29,Yes,90.1,2656.7
0,2509,23,Yes,68.75,1689.45
0,2510,52,Yes,19.2,1054.75
1,2511,25,Yes,89.7,2187.55
0,2512,64,Yes,115.1,7334.05
1,2513,16,Yes,96.4,1581.2
1,2514,1,Yes,69.5,69.5
0,2515,24,Yes,99.65,2404.85
0,2516,2,Yes,91.45,171.45
0,2517,34,Yes,84.75,2839.45
1,2518,36,Yes,85.25,3132.75
0,2519,53,Yes,78.75,3942.45
0,2520,47,Yes,20.25,873.4
0,2521,72,Yes,19.9,1529.65
0,2522,72,Yes,97.75,6991.6
0,2523,1,Yes,19.4,19.4
0,2524,9,Yes,83.3,803.3
0,2525,8,Yes,80.1,679.3
1,2526,45,Yes,62.7,2791.5
0,2527,7,Yes,100.4,715
0,2528,71,Yes,24.45,1681.6
1,2529,41,Yes,101.1,4016.2
0,2530,67,No,50.9,3281.65
0,2531,69,Yes,107.2,7317.1
1,2532,70,Yes,92.2,6474.45
0,2533,25,Yes,25.3,676.35
0,2534,72,Yes,113.4,8164.1
0,2535,34,No,40.55,1325.85
0,2536,65,Yes,26,1654.85
0,2537,70,Yes,111.95,7795.95
0,2538,72,No,53.8,3952.45
0,2539,35,Yes,72.1,2495.15
0,2540,13,Yes,98.15,1230.25
0,2541,12,Yes,78.85,876.75
0,2542,62,Yes,70.75,4263.45
0,2543,25,Yes,76.15,1992.95
0,2544,52,No,39.1,1982.1
1,2545,8,Yes,69.95,562.7
0,2546,2,Yes,20.05,33.7
0,2547,56,Yes,20.05,1090.1
0,2548,12,Yes,19.45,227.45
0,2549,47,Yes,26.9,1250.85
1,2550,2,Yes,19.2,37.2
0,2551,18,Yes,50,892.7
0,2552,8,Yes,60,487.75
0,2553,45,Yes,84.55,3713.95
0,2554,3,Yes,45.45,141.7
0,2555,38,Yes,20.05,678.2
0,2556,72,Yes,115.55,8425.3
0,2557,46,Yes,93.7,4154.8
0,2558,71,Yes,99,7061.65
0,2559,66,No,50.55,3364.55
1,2560,25,Yes,105.95,2655.25
0,2561,18,Yes,82,1425.45
0,2562,13,Yes,25,332.5
0,2563,65,Yes,91.55,5963.95
0,2564,60,Yes,95.75,5742.9
0,2565,15,Yes,19.35,278.85
0,2566,72,Yes,24.85,1871.85
0,2567,30,Yes,94.05,2866.45
0,2568,42,Yes,100.4,4303.65
0,2569,71,Yes,25,1753
0,2570,1,Yes,54.75,54.75
1,2571,39,Yes,95.65,3759.05
0,2572,35,Yes,19.25,617.65
0,2573,53,Yes,108.25,5935.1
0,2574,1,Yes,94.6,94.6
1,2575,31,Yes,98.9,2911.3
0,2576,48,Yes,20.15,982.95
1,2577,30,Yes,101.3,2974.5
0,2578,10,Yes,20,198.7
0,2579,12,Yes,105.3,1275.65
1,2580,57,Yes,69.85,4003
0,2581,58,Yes,65.25,3791.6
0,2582,37,Yes,19.8,813.3
0,2583,44,Yes,19.6,780.25
0,2584,27,Yes,20.05,552.9
0,2585,8,Yes,49.4,408.25
1,2586,3,Yes,76.05,231.8
1,2587,25,Yes,88.4,2191.15
0,2588,57,Yes,100.6,5611.7
0,2589,12,Yes,19.45,246.25
0,2590,62,Yes,20.3,1296.15
0,2591,65,Yes,107.65,7082.85
0,2592,71,Yes,80.45,5662.25
0,2593,21,Yes,58.85,1215.45
0,2594,71,Yes,109.6,7854.15
0,2595,7,Yes,75.15,525
0,2596,72,Yes,73,5265.2
0,2597,1,Yes,70.1,70.1
0,2598,72,Yes,98.65,7129.45
0,2599,64,Yes,111.45,7266.95
0,2600,72,Yes,114.9,8496.7
0,2601,29,Yes,100.55,2878.75
0,2602,13,Yes,20.4,261.3
0,2603,31,Yes,104.35,3205.6
1,2604,1,Yes,69.75,69.75
0,2605,7,No,34.5,279.25
0,2606,61,Yes,105.55,6281.45
0,2607,39,No,30.1,1131.3
0,2608,10,Yes,70.3,738.2
0,2609,14,Yes,80.45,1137.05
0,2610,1,Yes,80.2,80.2
0,2611,67,Yes,94.35,6341.45
0,2612,72,Yes,91.35,6697.2
0,2613,6,Yes,44.6,260.8
0,2614,1,Yes,19.6,19.6
0,2615,25,Yes,19.9,505.45
1,2616,33,Yes,110.45,3655.45
0,2617,18,Yes,68.35,1299.8
0,2618,71,Yes,79.1,5564.85
1,2619,28,Yes,51,1381.8
0,2620,2,Yes,80.55,188.1
0,2621,17,Yes,66.7,1077.05
0,2622,56,Yes,86.4,4922.4
0,2623,60,No,50.05,2911.5
0,2624,33,Yes,25.7,826.1
0,2625,1,Yes,83.4,83.4
0,2626,2,Yes,70.7,140.7
0,2627,63,Yes,84.65,5377.8
1,2628,7,Yes,99.25,665.45
0,2629,55,Yes,64.75,3617.1
0,2630,65,Yes,100.15,6643.5
0,2631,1,Yes,84.8,84.8
0,2632,63,Yes,25.25,1559.3
1,2633,70,Yes,113,7987.6
0,2634,36,No,40.65,1547.35
0,2635,52,Yes,105,5426.85
0,2636,22,Yes,54.45,1127.35
0,2637,22,Yes,94.95,2142.8
1,2638,5,Yes,59.9,287.85
0,2639,47,Yes,85.3,4045.65
0,2640,33,Yes,83.35,2757.85
0,2641,18,No,33.5,600
0,2642,1,Yes,19.8,19.8
0,2643,56,Yes,81.8,4534.45
0,2644,2,Yes,20,40.9
0,2645,35,Yes,59.6,2094.9
0,2646,64,Yes,25,1584.8
0,2647,15,Yes,84.35,1302.65
0,2648,24,Yes,90.35,2238.5
0,2649,1,Yes,55.55,55.55
0,2650,70,Yes,75.35,5437.75
0,2651,1,Yes,90.75,90.75
0,2652,4,Yes,89.6,365.65
0,2653,39,Yes,59.3,2209.15
0,2654,29,Yes,66.1,1912.15
0,2655,14,Yes,18.8,255.55
0,2656,61,Yes,86.45,5175.3
0,2657,13,Yes,52.1,670.65
0,2658,66,No,47.4,3177.25
0,2659,2,No,49.25,90.35
0,2660,59,Yes,109.15,6557.75
0,2661,62,Yes,94.95,5791.85
1,2662,33,Yes,93.55,3055.5
0,2663,66,Yes,79.5,5196.1
0,2664,72,Yes,115.05,8405
0,2665,1,Yes,19.75,19.75
0,2666,19,Yes,95.15,1789.25
0,2667,51,Yes,95.15,5000.05
0,2668,63,Yes,105.4,6713.2
0,2669,27,Yes,20.1,562.6
0,2670,22,Yes,101.35,2317.1
1,2671,4,Yes,20.05,91.45
0,2672,42,Yes,20.7,828.85
0,2673,29,Yes,20.35,617.35
0,2674,4,Yes,70.05,266.9
0,2675,30,Yes,19.7,625.05
0,2676,4,Yes,74.65,301.4
0,2677,71,Yes,85.45,6029.9
0,2678,46,No,40.4,1842.7
0,2679,4,Yes,50.4,206.6
0,2680,7,Yes,79.65,604.7
0,2681,69,Yes,105.2,7386.05
0,2682,72,Yes,100.65,7334.05
1,2683,19,Yes,79.85,1471.75
0,2684,28,Yes,91,2626.15
0,2685,5,Yes,78.75,412.1
1,2686,72,Yes,116.75,8277.05
1,2687,8,Yes,80.45,583.45
0,2688,7,Yes,59.1,369.25
0,2689,22,Yes,49.8,1049.05
0,2690,72,Yes,19.3,1414.8
0,2691,8,Yes,19.65,169.75
0,2692,52,Yes,81.4,4354.45
0,2693,68,No,38.9,2719.2
0,2694,71,Yes,87.95,6365.35
0,2695,2,Yes,19.85,51.6
1,2696,34,Yes,96.35,3190.25
0,2697,35,No,24.15,812.5
0,2698,61,Yes,19.1,1143.8
0,2699,1,Yes,44,44
0,2700,1,Yes,50.1,50.1
0,2701,53,Yes,60.6,3297
0,2702,72,Yes,25.65,1887
0,2703,2,Yes,76.4,151.8
0,2704,3,Yes,98.7,293.65
1,2705,13,Yes,100.8,1308.1
1,2706,41,No,53.95,2215.4
0,2707,24,Yes,20.4,482.8
0,2708,28,Yes,90.1,2598.95
0,2709,8,No,29.35,216.45
0,2710,1,Yes,20.45,20.45
0,2711,54,Yes,95.1,5064.85
0,2712,41,Yes,25.25,996.45
0,2713,19,Yes,44.9,839.65
0,2714,72,Yes,92.65,6733
0,2715,62,No,43.7,2618.3
1,2716,56,Yes,72.6,4084.35
0,2717,15,Yes,51.55,765.5
1,2718,10,Yes,79.25,793.55
0,2719,32,Yes,18.95,613.95
0,2720,21,Yes,20.5,402.85
0,2721,62,Yes,19.95,1244.8
0,2722,2,No,24.5,46.4
0,2723,27,Yes,20.6,581.85
0,2724,5,Yes,94.85,462.8
0,2725,25,No,61.05,1540.2
0,2726,2,Yes,85.7,169.8
0,2727,49,Yes,106.65,5168.1
0,2728,63,Yes,108.25,6780.1
0,2729,4,Yes,20.4,94.5
0,2730,1,Yes,55.3,55.3
0,2731,11,Yes,20.25,208
1,2732,52,Yes,72.95,3829.75
1,2733,60,Yes,89.45,5294.6
0,2734,64,Yes,104.65,6889.8
0,2735,43,Yes,75.2,3254.35
0,2736,61,Yes,101.15,6383.9
0,2737,1,Yes,44.4,44.4
1,2738,5,Yes,89.5,477.7
0,2739,66,Yes,68.75,4447.55
0,2740,67,Yes,111.05,7321.05
0,2741,42,Yes,99,4135
1,2742,1,Yes,86.05,86.05
0,2743,31,Yes,21,697.7
0,2744,7,Yes,19.4,168.65
0,2745,4,No,44.55,174.3
0,2746,34,Yes,77.2,2753.8
0,2747,3,Yes,19.45,69.25
0,2748,19,No,24.85,434.8
0,2749,31,No,35.4,1077.5
0,2750,1,Yes,95.65,95.65
0,2751,3,No,41.35,107.25
0,2752,46,Yes,19.6,851.2
0,2753,1,Yes,20.95,20.95
0,2754,69,Yes,84.45,5848.6
0,2755,5,Yes,20.25,109.8
0,2756,1,Yes,19.65,19.65
0,2757,26,Yes,20.65,595.5
1,2758,10,No,34.7,329.8
0,2759,25,Yes,99.3,2513.5
0,2760,64,Yes,81.05,5135.35
0,2761,30,Yes,67.6,2000.2
0,2762,13,Yes,70.15,931.75
0,2763,64,Yes,115,7396.15
0,2764,46,Yes,84.8,3958.85
0,2765,12,Yes,19.7,260.9
0,2766,15,Yes,19.75,297.3
0,2767,17,Yes,92.55,1515.1
0,2768,13,Yes,63.15,816.8
0,2769,67,Yes,74,4868.4
0,2770,24,No,29.1,688
0,2771,6,Yes,50.05,288.35
1,2772,53,Yes,60.05,3229.65
1,2773,16,Yes,74.3,1178.25
0,2774,10,Yes,20,185.4
0,2775,13,Yes,74.65,966.25
0,2776,9,Yes,85.35,758.6
0,2777,25,Yes,74.3,1863.8
1,2778,7,No,44.4,265.8
0,2779,38,Yes,85.4,3297
0,2780,43,Yes,94.1,4107.3
0,2781,4,Yes,98.1,396.3
0,2782,25,Yes,108.9,2809.05
0,2783,27,Yes,56.2,1567.55
0,2784,72,Yes,26.1,1851.45
0,2785,71,Yes,85.45,6028.95
0,2786,24,Yes,88.95,2072.75
0,2787,50,Yes,109.65,5551.15
0,2788,57,Yes,74.35,4317.35
0,2789,15,Yes,48.85,736.8
0,2790,4,Yes,80.1,336.15
0,2791,28,Yes,56.05,1522.65
1,2792,9,Yes,74.55,622.9
0,2793,55,Yes,89.8,4959.6
0,2794,3,Yes,100.95,329.95
0,2795,10,Yes,94.9,1048.85
0,2796,55,Yes,19.1,1001.5
0,2797,20,Yes,20.35,442.6
0,2798,62,Yes,106.05,6703.5
1,2799,32,Yes,104.9,3351.55
0,2800,43,Yes,19.65,779.25
0,2801,9,No,24.1,259.8
0,2802,60,Yes,59.85,3483.45
0,2803,58,Yes,86.1,4890.5
0,2804,7,Yes,19.45,136.75
0,2805,2,Yes,97.1,184.15
1,2806,37,No,36.65,1315
1,2807,65,Yes,103.9,6767.1
0,2808,39,Yes,19.75,757.95
0,2809,66,Yes,104.05,6890
0,2810,68,Yes,24.55,1657.4
0,2811,62,No,48.7,3008.55
0,2812,3,Yes,88.35,262.05
0,2813,72,Yes,109.55,8165.1
0,2814,41,Yes,20.65,875.55
0,2815,29,Yes,94.65,2649.15
0,2816,4,Yes,55.2,220.65
0,2817,53,Yes,24.05,1301.9
1,2818,1,Yes,74.4,74.4
0,2819,41,Yes,79.9,3326.2
0,2820,39,Yes,20.45,790
0,2821,63,Yes,19.25,1237.65
0,2822,15,Yes,26.35,378.6
0,2823,13,Yes,43.8,592.65
0,2824,1,Yes,50.15,50.15
0,2825,1,Yes,20.45,20.45
1,2826,8,Yes,69.7,560.85
0,2827,60,Yes,61.4,3638.25
1,2828,12,Yes,98.1,1060.2
0,2829,40,Yes,70.75,2921.75
0,2830,66,Yes,61.15,4017.45
0,2831,42,Yes,20.25,854.9
1,2832,66,Yes,63.85,4174.35
0,2833,49,Yes,98.7,4920.55
0,2834,1,Yes,20.5,20.5
0,2835,41,Yes,20,810.3
0,2836,41,Yes,19.3,772.4
0,2837,23,Yes,84.4,1936.85
0,2838,3,No,25.1,79.8
0,2839,4,No,48.25,202.25
0,2840,52,Yes,19.85,1070.5
1,2841,4,Yes,99.6,347.65
0,2842,11,Yes,94.2,999.9
0,2843,2,Yes,62.15,113.1
0,2844,26,Yes,79.3,2015.8
0,2845,24,Yes,56.25,1454.25
0,2846,12,Yes,20.3,246.7
1,2847,60,Yes,99,6017.9
0,2848,64,Yes,90.6,5817.45
0,2849,66,Yes,85.9,5595.3
0,2850,60,Yes,79.2,4765
0,2851,17,Yes,70.35,1201.65
0,2852,42,Yes,19.35,867.3
0,2853,1,Yes,50.15,50.15
0,2854,47,Yes,63.8,3007.25
0,2855,10,Yes,20.55,252.75
1,2856,70,Yes,88.55,6306.5
1,2857,67,Yes,101.4,6841.05
0,2858,1,Yes,81.95,81.95
0,2859,7,Yes,69.35,451.1
0,2860,1,Yes,44.6,44.6
0,2861,4,Yes,63.75,226.2
0,2862,66,Yes,109.25,7082.5
0,2863,12,Yes,84.6,1017.35
0,2864,24,Yes,20.45,527.35
0,2865,26,Yes,85.75,2146.5
0,2866,6,Yes,91.1,455.3
0,2867,57,Yes,107.95,5969.85
0,2868,14,Yes,86.1,1235.55
0,2869,42,Yes,22.95,1014.25
0,2870,25,Yes,94.7,2362.1
0,2871,64,Yes,19.45,1225.65
0,2872,22,Yes,85.1,1873.7
0,2873,19,Yes,19.7,386.5
0,2874,61,Yes,99.15,6010.05
0,2875,22,Yes,87,1850.65
1,2876,70,Yes,102.95,7101.5
0,2877,12,Yes,79.95,1043.4
0,2878,31,Yes,64,1910.75
0,2879,11,Yes,64.9,716.1
0,2880,68,Yes,25.75,1686.15
1,2881,72,Yes,90.15,6716.45
1,2882,67,Yes,116.1,7839.85
0,2883,60,Yes,104.95,6236.75
0,2884,1,Yes,45.05,45.05
1,2885,1,Yes,71,71
0,2886,58,No,50,2919.85
1,2887,47,Yes,70.55,3309.25
0,2888,1,Yes,79.7,79.7
0,2889,1,Yes,20.45,20.45
0,2890,22,Yes,59,1254.7
0,2891,48,Yes,60.35,2896.4
0,2892,37,Yes,19.85,717.5
0,2893,13,Yes,19.95,253.8
0,2894,43,Yes,26.45,1110.05
0,2895,6,No,63.4,348.8
0,2896,71,No,53.95,3888.65
1,2897,1,Yes,69.25,69.25
0,2898,72,Yes,95.1,6843.15
1,2899,6,Yes,74.1,450.9
0,2900,12,No,35.5,432.25
0,2901,25,Yes,70.95,1767.35
0,2902,21,Yes,79.2,1742.45
0,2903,6,Yes,48.8,297.35
0,2904,20,Yes,89,1820.45
0,2905,18,Yes,99.4,1742.95
0,2906,43,Yes,55.45,2444.25
0,2907,35,Yes,25.4,949.8
0,2908,1,Yes,73.5,73.5
1,2909,32,Yes,93.5,2970.8
0,2910,52,No,63.9,3334.95
0,2911,32,Yes,64.85,2010.95
0,2912,72,No,63.8,4684.3
0,2913,51,No,44.45,2181.55
0,2914,68,Yes,19.95,1303.25
1,2915,8,No,43.35,371.4
0,2916,49,No,49.65,2409.9
0,2917,72,Yes,85.1,6155.4
0,2918,9,Yes,95.5,829.1
0,2919,28,Yes,92.35,2602.9
0,2920,54,Yes,89.8,4667
0,2921,11,Yes,74.55,824.75
0,2922,50,Yes,103.05,5153.5
0,2923,69,Yes,116,8182.85
0,2924,1,Yes,69.9,69.9
0,2925,68,Yes,95.1,6683.4
0,2926,40,No,40.25,1564.05
0,2927,31,Yes,25.75,755.6
1,2928,33,Yes,105.35,3465.05
1,2929,55,Yes,113.6,6292.7
0,2930,68,Yes,24,1664.3
0,2931,12,Yes,19.4,198.1
0,2932,71,Yes,86.1,6045.9
0,2933,40,Yes,102.65,4108.15
0,2934,64,Yes,92.85,5980.75
0,2935,53,Yes,97.75,5043.2
1,2936,12,Yes,83.8,1029.75
1,2937,53,No,54.45,2854.55
0,2938,72,Yes,97.95,7114.25
0,2939,46,Yes,19.95,907.05
0,2940,40,Yes,24.6,973.95
0,2941,12,No,50.95,605.75
0,2942,9,Yes,75.6,661.55
0,2943,51,Yes,80.75,4116.9
0,2944,49,Yes,90.4,4494.65
1,2945,41,Yes,99.8,4259.3
0,2946,56,Yes,60.25,3282.75
0,2947,4,Yes,20.2,55.7
0,2948,20,Yes,64.15,1274.45
0,2949,26,Yes,20.25,493.95
0,2950,20,Yes,105.85,2239.65
0,2951,7,Yes,75.45,480.75
0,2952,7,Yes,93.85,635.6
0,2953,51,Yes,99,5038.15
0,2954,4,Yes,80.3,324.2
0,2955,1,Yes,19.55,19.55
0,2956,27,Yes,100.75,2793.55
0,2957,22,Yes,100.75,2095
0,2958,12,Yes,53.75,648.65
0,2959,3,No,31,95.05
0,2960,34,Yes,25.6,917.15
0,2961,24,Yes,58.35,1346.9
0,2962,51,Yes,80,4242.35
1,2963,14,No,46.35,672.7
0,2964,59,Yes,113.75,6561.25
0,2965,3,Yes,90.4,268.45
0,2966,65,Yes,109.3,7337.55
1,2967,5,Yes,70.25,331.9
0,2968,59,Yes,90.3,5194.05
0,2969,72,No,65.25,4478.85
0,2970,62,Yes,100.15,6283.3
0,2971,28,Yes,94.5,2659.4
0,2972,3,Yes,60.65,196.9
0,2973,19,Yes,24.1,439.2
0,2974,1,Yes,19.5,19.5
0,2975,24,Yes,85.95,2107.15
1,2976,57,Yes,53.5,3035.8
0,2977,72,Yes,25.45,1866.45
0,2978,67,Yes,20.5,1430.95
0,2979,52,Yes,20.85,1071.6
0,2980,71,Yes,89.9,6457.15
0,2981,26,Yes,26,684.05
0,2982,35,Yes,113.2,3914.05
0,2983,55,Yes,69.05,3842.6
0,2984,33,Yes,20.1,670.35
0,2985,72,Yes,109.65,7880.25
0,2986,1,Yes,19.2,19.2
0,2987,10,No,33.9,298.45
1,2988,37,Yes,90,3371.75
0,2989,12,No,34,442.45
0,2990,1,Yes,20.4,20.4
0,2991,62,No,38.6,2345.55
0,2992,1,No,25.25,25.25
0,2993,18,Yes,60.6,1156.35
1,2994,69,Yes,89.95,6143.15
0,2995,2,Yes,74.75,144.8
0,2996,19,Yes,20.6,414.95
0,2997,12,Yes,84.45,1059.55
0,2998,9,Yes,20.4,181.8
0,2999,27,Yes,81.7,2212.55
0,3000,27,Yes,79.5,2180.55
0,3001,1,Yes,89.15,89.15
1,3002,24,Yes,20.3,459.95
1,3003,14,Yes,74.95,1036.75
1,3004,32,Yes,74.4,2276.95
0,3005,11,Yes,20,211.95
0,3006,1,Yes,25,25
1,3007,38,Yes,80.45,3162.65
0,3008,9,Yes,19.75,210.65
0,3009,54,Yes,65.65,3566.7
0,3010,29,Yes,71,2080.1
1,3011,44,Yes,89.2,4040.2
0,3012,59,Yes,86.75,5186
0,3013,3,Yes,55.3,196.15
0,3014,18,Yes,61.5,1087.45
1,3015,67,Yes,25.1,1672.15
0,3016,22,Yes,55.15,1206.05
0,3017,33,No,34.05,1113.95
0,3018,5,Yes,19.95,107.05
0,3019,2,Yes,19.95,38.15
0,3020,72,Yes,89.7,6339.3
0,3021,9,Yes,20.4,184.1
0,3022,67,Yes,26.3,1688.9
0,3023,16,Yes,84.95,1378.25
0,3024,8,Yes,20.7,137.6
0,3025,5,No,43.25,219
0,3026,23,Yes,48.35,1067.15
0,3027,1,Yes,79.55,79.55
1,3028,50,Yes,71.05,3444.85
0,3029,17,Yes,19.45,369.05
0,3030,68,Yes,110.8,7553.6
0,3031,1,Yes,84.5,84.5
1,3032,25,Yes,69.3,1813.1
0,3033,67,No,49.35,3321.35
0,3034,32,Yes,20.35,707.5
1,3035,67,Yes,105.6,7112.15
1,3036,72,No,64.45,4641.1
0,3037,71,Yes,108.6,7690.9
0,3038,1,Yes,49.9,49.9
0,3039,46,No,30.3,1380.1
1,3040,2,No,30.4,78.65
0,3041,1,Yes,45.4,45.4
0,3042,48,Yes,65.65,3094.65
0,3043,61,Yes,103.3,6518.35
0,3044,32,Yes,84.15,2585.95
0,3045,2,Yes,44.45,82.7
0,3046,3,Yes,19.75,58.85
0,3047,5,Yes,85.4,425.9
0,3048,71,Yes,89.9,6342.7
0,3049,37,Yes,55.05,2030.75
0,3050,65,Yes,104.1,6700.05
0,3051,67,Yes,106.6,7244.7
0,3052,49,Yes,75.2,3678.3
0,3053,50,Yes,70.5,3486.65
0,3054,25,Yes,19.6,411.15
0,3055,17,Yes,55.85,937.5
0,3056,64,Yes,24.05,1559.15
0,3057,25,No,38.1,970.4
1,3058,23,Yes,106.4,2483.5
1,3059,24,No,34.25,828.2
0,3060,37,Yes,100.05,3810.55
0,3061,21,Yes,68.65,1493.2
0,3062,1,Yes,45.8,45.8
0,3063,10,Yes,75.75,777.3
0,3064,6,Yes,84.4,556.35
0,3065,51,Yes,96.4,4911.05
0,3066,10,Yes,20.55,187.35
0,3067,6,No,50.95,307.6
0,3068,47,Yes,90.5,4318.35
0,3069,61,Yes,79.4,4820.55
0,3070,52,No,58.75,3038.55
0,3071,35,Yes,59.45,2136.9
0,3072,71,Yes,105.7,7472.15
0,3073,6,Yes,56.25,389.1
0,3074,45,Yes,53.3,2296.25
1,3075,2,Yes,85.55,187.45
0,3076,4,Yes,68.65,261.25
0,3077,2,No,24.3,38.45
0,3078,4,Yes,77.85,299.2
0,3079,51,Yes,59.9,3043.6
0,3080,60,Yes,23.95,1506.4
0,3081,9,Yes,20.15,163.7
0,3082,3,Yes,105.35,323.25
0,3083,17,Yes,95.65,1640
0,3084,8,Yes,87.05,762.1
0,3085,46,Yes,81,3846.35
0,3086,68,Yes,82.45,5646.6
0,3087,1,Yes,53.5,53.5
0,3088,4,Yes,20.5,79.05
0,3089,1,No,25.1,25.1
0,3090,28,Yes,54.4,1516.6
0,3091,39,Yes,58.6,2224.5
0,3092,11,Yes,84.8,888.75
0,3093,71,No,61.4,4310.35
0,3094,2,Yes,20.4,42.9
1,3095,30,Yes,79.65,2365.15
0,3096,17,Yes,20.15,353.65
0,3097,55,Yes,94.45,5073.1
0,3098,58,Yes,79.8,4526.85
0,3099,5,Yes,54.2,308.25
1,3100,1,Yes,19.45,19.45
1,3101,9,Yes,74.05,678.45
0,3102,26,Yes,49.15,1237.3
0,3103,50,Yes,19.4,1023.95
0,3104,72,Yes,113.65,8182.75
0,3105,43,Yes,106,4532.3
0,3106,56,Yes,25.95,1444.05
0,3107,1,Yes,19.1,19.1
0,3108,72,Yes,103.4,7372.65
0,3109,72,Yes,100.55,7325.1
0,3110,36,Yes,95.4,3474.2
0,3111,5,Yes,75.15,392.65
0,3112,13,Yes,84.45,1058.6
1,3113,44,Yes,89.15,3990.75
1,3114,70,Yes,107.9,7475.85
0,3115,44,Yes,19.5,835.5
1,3116,32,Yes,85.95,2628.6
0,3117,69,Yes,24.95,1718.35
1,3118,16,Yes,59.4,1023.9
1,3119,68,Yes,19.5,1193.55
0,3120,16,Yes,69.95,1205.5
0,3121,68,Yes,82.85,5776.45
0,3122,4,Yes,19,78.9
0,3123,26,No,38.85,1025.15
0,3124,29,No,30.6,856.35
0,3125,5,Yes,20.35,122
0,3126,70,Yes,95,6602.9
0,3127,24,Yes,74.4,1712.9
1,3128,72,Yes,78.45,5682.25
0,3129,1,Yes,74.3,74.3
0,3130,70,No,51.05,3635.15
0,3131,36,Yes,19.2,702.9
1,3132,38,Yes,99.55,3734.25
0,3133,17,Yes,70,1144.5
0,3134,41,Yes,109.1,4454.25
0,3135,1,Yes,45.3,45.3
0,3136,2,No,29.85,75.6
0,3137,14,Yes,76.45,1117.55
1,3138,2,Yes,95.1,180.25
0,3139,1,Yes,19.8,19.8
0,3140,13,Yes,72.8,930.05
0,3141,6,Yes,18.95,110.15
0,3142,4,Yes,76.65,333.6
0,3143,5,Yes,99.15,465.05
0,3144,15,Yes,101.75,1669.4
0,3145,47,Yes,75.45,3545.1
0,3146,8,Yes,64.1,504.05
0,3147,17,No,25.65,440.2
0,3148,15,Yes,75.1,1151.55
0,3149,26,Yes,95.85,2475.35
0,3150,23,Yes,54.4,1249.25
1,3151,4,Yes,72.75,317.75
0,3152,29,Yes,19.85,535.05
0,3153,25,Yes,19.05,461.3
0,3154,9,Yes,44.95,431
0,3155,18,Yes,49.55,878.35
1,3156,3,Yes,94.85,335.75
0,3157,69,No,46.25,3121.4
0,3158,14,Yes,19.35,324.8
0,3159,19,Yes,69.6,1394.55
1,3160,39,Yes,90.7,3413.25
0,3161,31,Yes,101.4,3143.65
0,3162,24,Yes,20.25,439.75
0,3163,14,Yes,48.8,664.4
0,3164,64,Yes,74.35,4759.55
0,3165,50,Yes,19.35,1033
0,3166,52,Yes,68.75,3482.85
0,3167,28,Yes,100.2,2688.45
0,3168,21,Yes,20.85,435.25
0,3169,25,Yes,95.9,2448.75
0,3170,17,Yes,19.35,307
0,3171,58,No,45,2689.35
1,3172,17,Yes,81.5,1329.2
0,3173,51,Yes,25.5,1281.25
0,3174,72,No,48.9,3527
0,3175,52,Yes,84.1,4348.65
0,3176,27,Yes,19.6,561.15
0,3177,3,Yes,20,63.6
0,3178,64,Yes,81.3,5129.3
0,3179,45,Yes,95.2,4285.8
1,3180,3,No,36.45,93.7
0,3181,71,Yes,83.3,5894.5
1,3182,1,No,25.05,25.05
0,3183,58,Yes,20.3,1160.75
0,3184,34,Yes,89.85,3091.75
0,3185,8,Yes,49.85,365.55
0,3186,15,Yes,19.8,272.95
0,3187,66,No,54.65,3632
1,3188,12,No,29.35,381.2
0,3189,58,Yes,19.15,1035.5
0,3190,3,Yes,19.1,52
1,3191,43,No,55.55,2342.2
0,3192,9,Yes,80.55,653.9
0,3193,3,Yes,20.25,71.2
0,3194,22,Yes,69.5,1498.2
0,3195,40,Yes,106,4178.65
0,3196,68,Yes,25.5,1821.8
0,3197,54,Yes,104.3,5278.15
0,3198,50,Yes,79.6,4024.2
0,3199,1,Yes,55.25,55.25
0,3200,72,Yes,88.05,6520.8
0,3201,40,Yes,20.4,854.9
0,3202,72,Yes,117.6,8308.9
0,3203,6,Yes,20,109.2
0,3204,5,Yes,19.65,92.05
0,3205,48,Yes,70.55,3420.5
0,3206,1,Yes,93.85,93.85
0,3207,64,Yes,65.8,4068
0,3208,17,Yes,20.05,337.9
0,3209,40,Yes,80,3168.75
0,3210,41,No,35.4,1412.4
1,3211,51,Yes,79.6,3974.7
0,3212,41,Yes,80.25,3439
0,3213,1,Yes,50.45,50.45
0,3214,2,Yes,20.45,42.45
0,3215,68,Yes,79.6,5461.45
0,3216,24,Yes,24.7,571.75
0,3217,70,Yes,77.3,5498.2
0,3218,3,No,29.75,96.85
0,3219,2,Yes,44.9,111.05
0,3220,3,No,29.8,94.4
0,3221,7,Yes,74.65,521.1
0,3222,13,Yes,71.95,923.85
0,3223,7,Yes,20.75,141.1
0,3224,12,Yes,56.3,628.65
0,3225,53,Yes,105.25,5576.3
0,3226,12,Yes,94.2,1046.1
0,3227,63,Yes,19.55,1245.6
0,3228,15,Yes,84.45,1287.85
0,3229,36,Yes,53.65,1939.35
1,3230,4,No,29.9,118.25
0,3231,24,Yes,19.7,452.55
0,3232,61,No,43.7,2696.55
0,3233,16,Yes,55.3,875.35
0,3234,65,Yes,19.85,1267.05
0,3235,26,Yes,19.65,494.9
0,3236,16,Yes,49.45,799
0,3237,54,Yes,106.55,5763.3
0,3238,1,Yes,20.1,20.1
0,3239,5,Yes,20.45,106.9
0,3240,19,No,39.7,710.05
0,3241,10,Yes,54.5,568.2
0,3242,23,Yes,83.8,1900.25
0,3243,3,Yes,55.15,159.15
0,3244,72,Yes,111.6,8012.75
1,3245,10,Yes,86.65,856.65
0,3246,10,Yes,55.55,551.3
0,3247,11,Yes,20.55,184.95
1,3248,37,Yes,106.75,4056.75
0,3249,17,Yes,62.1,1096.65
0,3250,36,Yes,104.5,3684.95
1,3251,17,Yes,101.8,1752.45
1,3252,66,Yes,110.6,7210.85
0,3253,61,Yes,84.9,5264.5
0,3254,22,Yes,93.2,2157.3
0,3255,1,No,24.4,24.4
0,3256,6,Yes,70.55,433.95
0,3257,31,Yes,78.45,2435.15
0,3258,68,Yes,85,5607.75
0,3259,34,Yes,87.45,2874.15
0,3260,52,Yes,85.8,4433.3
0,3261,10,Yes,91.1,964.35
0,3262,29,Yes,70.75,1974.8
0,3263,72,Yes,20.1,1460.85
0,3264,47,Yes,20.05,951.55
0,3265,24,Yes,74.8,1821.2
0,3266,65,Yes,24.8,1600.95
0,3267,4,Yes,100.85,399.25
1,3268,12,Yes,101.35,1218.55
0,3269,1,Yes,81.7,81.7
0,3270,33,Yes,68.25,2171.15
0,3271,34,Yes,105.1,3634.8
0,3272,14,Yes,20.4,292.4
0,3273,4,Yes,79.15,317.25
0,3274,13,Yes,20,218.55
0,3275,65,Yes,79.4,5071.9
0,3276,23,Yes,57.2,1423.35
0,3277,55,Yes,58.6,3068.6
0,3278,49,Yes,94.8,4690.65
0,3279,60,Yes,102.5,6157.6
0,3280,69,Yes,20.35,1442.65
0,3281,40,Yes,84.9,3369.05
0,3282,67,Yes,69.2,4671.65
1,3283,35,Yes,95.45,3474.05
0,3284,19,Yes,100.95,1875.55
0,3285,13,Yes,20.85,272.35
0,3286,41,Yes,88.5,3645.05
0,3287,4,No,35,135.75
0,3288,24,Yes,55.15,1319.85
0,3289,5,No,50.95,229.4
0,3290,5,Yes,64,370.25
0,3291,1,Yes,69.1,69.1
0,3292,72,Yes,80.2,5714.2
0,3293,24,Yes,49.3,1233.25
0,3294,42,Yes,84.35,3571.6
0,3295,4,Yes,20.05,83.3
0,3296,68,Yes,117.2,8035.95
0,3297,33,Yes,20.1,579.4
1,3298,1,Yes,69.6,69.6
0,3299,31,Yes,103.45,3066.45
0,3300,4,Yes,77.95,305.55
1,3301,69,Yes,109.95,7634.25
1,3302,38,Yes,94.75,3653
0,3303,3,Yes,80,241.3
0,3304,48,Yes,79.65,3870.3
0,3305,15,Yes,25.2,387.9
0,3306,25,Yes,19.9,527.5
1,3307,1,Yes,78.45,78.45
0,3308,48,No,44.8,2104.55
0,3309,1,Yes,20.3,20.3
0,3310,1,Yes,19.2,19.2
0,3311,37,Yes,80.05,3019.1
1,3312,66,Yes,107.35,7051.95
0,3313,26,No,47.85,1190.5
0,3314,63,Yes,70.8,4448.8
0,3315,10,No,29.5,255.25
0,3316,2,Yes,70.75,146.9
1,3317,18,Yes,59.1,1011.05
0,3318,64,Yes,25.55,1714.95
1,3319,9,Yes,84.45,762.5
0,3320,28,Yes,20.25,535.35
0,3321,1,Yes,75.55,75.55
0,3322,4,Yes,85.65,338.9
1,3323,38,Yes,70.15,2497.35
0,3324,66,Yes,95.3,6273.4
0,3325,1,Yes,70.25,70.25
0,3326,18,Yes,50.3,908.75
1,3327,51,Yes,97.8,4913.3
0,3328,1,Yes,46.3,46.3
0,3329,12,Yes,19.35,212.3
0,3330,41,Yes,106.3,4443.45
0,3331,12,Yes,25,316.2
0,3332,55,Yes,20.3,1079.05
0,3333,7,Yes,75.35,564.65
0,3334,12,Yes,89.4,1095.65
0,3335,68,Yes,88,6161.9
1,3336,5,Yes,83.15,446.05
1,3337,49,Yes,43.8,2106.05
0,3338,40,No,62.05,2511.55
0,3339,16,Yes,20.1,318.6
0,3340,10,Yes,74.15,811.8
0,3341,72,Yes,101.35,7323.15
1,3342,2,Yes,84.05,186.05
0,3343,23,Yes,20.9,454
1,3344,71,Yes,105.9,7521.95
0,3345,11,Yes,99.5,1056.95
0,3346,1,Yes,44.15,44.15
0,3347,16,Yes,53.9,834.15
0,3348,1,Yes,85.45,85.45
0,3349,12,Yes,85.05,999.8
0,3350,54,No,44.1,2369.7
0,3351,68,Yes,90.2,6297.65
0,3352,4,Yes,50.85,239.55
0,3353,1,Yes,59.2,59.2
0,3354,27,Yes,53.45,1461.45
0,3355,21,Yes,19.95,416.4
0,3356,13,Yes,83.2,1060.6
1,3357,64,Yes,74.65,4869.35
0,3358,1,Yes,54.9,54.9
0,3359,57,No,57.5,3265.95
0,3360,21,Yes,103.9,2254.2
0,3361,19,Yes,19.65,358.15
0,3362,31,Yes,93.8,2939.8
0,3363,52,Yes,89.25,4652.4
0,3364,46,Yes,94.15,4408.45
1,3365,11,Yes,55.6,580.8
0,3366,53,No,48.7,2495.2
0,3367,11,Yes,19.25,180.3
1,3368,57,Yes,104.9,5913.95
1,3369,2,Yes,75.45,158.4
1,3370,2,Yes,54.85,104.2
0,3371,71,Yes,19.9,1389.35
0,3372,1,Yes,19.4,19.4
0,3373,68,Yes,25.05,1629.2
0,3374,72,Yes,84.45,6033.1
0,3375,2,Yes,19.3,44.4
1,3376,1,Yes,95.1,95.1
0,3377,41,Yes,79.85,3320.75
0,3378,72,Yes,25.55,1867.7
0,3379,6,Yes,75.5,438
0,3380,4,Yes,73.75,325.45
0,3381,12,Yes,96.05,1148.1
0,3382,58,Yes,68.4,3972.25
0,3383,7,Yes,20.65,155.9
0,3384,65,Yes,55.15,3673.15
0,3385,1,Yes,70.6,70.6
0,3386,56,Yes,19.95,1126.75
0,3387,4,Yes,19,73.45
0,3388,58,Yes,44.1,2413.05
0,3389,62,Yes,107.6,6912.7
0,3390,26,Yes,61.55,1581.95
0,3391,62,Yes,90.7,5586.45
0,3392,58,Yes,99.25,5846.65
0,3393,68,Yes,91.7,6424.7
0,3394,61,Yes,100.7,6018.65
0,3395,42,Yes,78.45,3373.4
0,3396,18,Yes,84.3,1537.9
0,3397,56,Yes,19.55,1080.55
0,3398,4,Yes,88.95,355.2
0,3399,4,Yes,20.45,82.85
0,3400,35,Yes,55.6,2016.45
0,3401,64,Yes,86.8,5327.25
0,3402,31,Yes,20.95,683.25
1,3403,67,Yes,20.05,1263.05
0,3404,4,Yes,50.7,151.3
1,3405,70,Yes,113.65,7714.65
0,3406,3,Yes,53.4,188.7
1,3407,53,Yes,101.9,5549.4
0,3408,2,Yes,59.5,130.5
0,3409,29,Yes,87.8,2621.75
0,3410,47,No,41.9,1875.25
0,3411,68,Yes,83,5685.8
0,3412,12,Yes,69.85,837.5
0,3413,8,Yes,56.3,401.5
0,3414,54,Yes,109.55,6118.95
0,3415,69,Yes,92.15,6480.9
0,3416,26,Yes,69.5,1800.05
0,3417,72,Yes,97,7104.2
0,3418,70,No,58.35,4214.25
0,3419,1,Yes,50.6,50.6
0,3420,10,Yes,89.5,863.1
0,3421,28,Yes,70.4,1992.2
0,3422,1,Yes,69.8,69.8
0,3423,21,Yes,94.3,1948.35
1,3424,51,Yes,93.8,4750.95
0,3425,53,Yes,19.55,1007.9
0,3426,53,Yes,95.95,5036.9
0,3427,24,Yes,101.05,2391.8
0,3428,70,Yes,94.8,6859.05
0,3429,61,Yes,107.75,6521.9
0,3430,11,Yes,54.6,617.85
0,3431,2,Yes,71.3,157.75
0,3432,25,Yes,19.5,516.3
0,3433,41,Yes,56.3,2364
0,3434,18,Yes,94.7,1687.95
1,3435,72,Yes,104.15,7689.95
0,3436,71,Yes,90.55,6239.05
0,3437,34,Yes,60.8,2042.05
0,3438,29,Yes,98.8,2807.1
1,3439,40,Yes,98.15,4116.8
0,3440,36,No,35.35,1317.95
0,3441,46,Yes,103.15,4594.65
0,3442,58,Yes,107.75,6332.75
0,3443,39,Yes,81.4,3213.75
0,3444,4,Yes,61.45,229.55
0,3445,52,Yes,95.7,4976.15
1,3446,70,Yes,104.8,7308.95
1,3447,65,Yes,70.95,4555.2
0,3448,1,Yes,44.95,44.95
0,3449,70,Yes,97.65,6982.5
1,3450,29,No,35.65,1025.15
0,3451,1,Yes,90.55,90.55
0,3452,67,Yes,85.25,5714.2
0,3453,1,Yes,19.5,19.5
0,3454,26,Yes,88.8,2274.35
0,3455,30,Yes,25.1,789.55
0,3456,48,Yes,100.05,4834
0,3457,55,Yes,55.7,3131.8
0,3458,7,Yes,85.2,602.55
0,3459,37,Yes,91.15,3369.25
0,3460,31,Yes,83.85,2674.15
0,3461,4,Yes,45.9,199.75
0,3462,72,Yes,25.1,1790.8
1,3463,5,Yes,91.4,449.75
0,3464,1,Yes,19.7,19.7
1,3465,15,Yes,91.5,1400.3
0,3466,8,Yes,51.3,411.6
0,3467,35,Yes,21.1,741
1,3468,56,Yes,104.75,5841.35
0,3469,42,Yes,106.15,4512.7
1,3470,65,Yes,85.75,5688.45
0,3471,2,Yes,20.3,31.9
1,3472,65,Yes,100.75,6674.65
0,3473,18,Yes,74.15,1345.75
0,3474,23,Yes,78.55,1843.05
0,3475,4,Yes,45.3,196.95
0,3476,70,Yes,19.85,1433.8
0,3477,4,Yes,50.7,214.55
0,3478,19,Yes,45,865.85
0,3479,18,Yes,77.8,1358.6
1,3480,38,Yes,83.45,3147.15
0,3481,2,Yes,73.25,131.05
0,3482,47,Yes,94.8,4535.85
0,3483,52,Yes,20.1,1078.75
0,3484,9,Yes,59.9,542.4
0,3485,26,Yes,90.1,2312.55
0,3486,8,Yes,51.05,415.05
0,3487,44,Yes,70.95,3250.45
0,3488,3,No,29.2,98.5
0,3489,2,Yes,46.6,87.9
0,3490,9,Yes,85.35,754.65
1,3491,1,Yes,75.35,75.35
0,3492,25,Yes,74.3,1952.25
1,3493,2,Yes,69.3,153.8
0,3494,43,Yes,75.2,3198.6
0,3495,1,Yes,20.9,20.9
0,3496,58,Yes,94.3,5610.15
0,3497,59,Yes,76.45,4519.5
0,3498,44,No,54,2440.25
0,3499,66,Yes,104.25,6860.6
0,3500,68,Yes,19.95,1377.7
0,3501,9,No,24.95,190.25
0,3502,19,Yes,84.75,1651.95
0,3503,4,Yes,19.75,78.3
0,3504,70,Yes,113.65,7939.25
0,3505,1,Yes,44.9,44.9
0,3506,8,Yes,75.25,576.7
0,3507,53,Yes,24.6,1279
1,3508,51,Yes,25,1260.7
0,3509,11,Yes,20.95,267.35
0,3510,60,Yes,110.6,6586.85
0,3511,17,Yes,55.5,934.15
0,3512,3,Yes,43.3,123.65
0,3513,70,Yes,109.5,7534.65
0,3514,1,Yes,19.45,19.45
1,3515,43,Yes,84.85,3645.6
0,3516,16,Yes,19.6,314.45
0,3517,57,Yes,53.45,3053
0,3518,37,Yes,19.8,677.05
0,3519,72,Yes,112.1,7965.95
1,3520,11,Yes,84.8,906.85
1,3521,50,Yes,95.05,4888.7
1,3522,5,Yes,50.35,237.25
0,3523,1,Yes,74.6,74.6
0,3524,16,Yes,19.7,342.4
1,3525,2,Yes,74.2,140.1
0,3526,17,Yes,69,1108
0,3527,16,Yes,19.35,295.55
0,3528,15,Yes,59.45,892.65
0,3529,10,Yes,19.8,198.25
0,3530,46,Yes,105.2,4822.85
0,3531,64,Yes,109.2,6741.15
0,3532,1,Yes,79.15,79.15
0,3533,25,Yes,53.65,1355.45
0,3534,71,Yes,100.2,7209
0,3535,8,Yes,45.15,438.4
0,3536,72,Yes,108.65,7726.35
0,3537,49,No,40.65,2070.75
0,3538,29,No,55.35,1636.95
0,3539,72,Yes,105.6,7581.5
0,3540,31,Yes,93.8,3019.5
0,3541,50,Yes,95.7,4729.75
0,3542,71,Yes,83.2,6126.1
1,3543,70,Yes,90.05,6333.4
0,3544,71,Yes,97.65,6687.85
0,3545,61,Yes,68.05,4158.25
0,3546,32,Yes,96.2,3183.4
0,3547,1,Yes,79.6,79.6
0,3548,68,Yes,102.1,7149.35
0,3549,62,Yes,23.4,1429.65
0,3550,7,Yes,71.05,472.65
0,3551,20,Yes,85.25,1734.5
0,3552,6,Yes,19.45,113.5
1,3553,33,No,59.45,1884.65
0,3554,28,Yes,92.2,2568.15
0,3555,27,Yes,19.85,470
0,3556,7,Yes,43.9,278.4
0,3557,26,Yes,80.5,2088.8
1,3558,5,Yes,89.8,502.6
1,3559,30,Yes,90.5,2595.85
0,3560,63,Yes,90.45,5825.5
0,3561,1,Yes,50.75,50.75
0,3562,53,Yes,84.6,4449.75
0,3563,14,Yes,89.65,1208.35
0,3564,21,Yes,99.15,1956.4
0,3565,17,Yes,19.95,310.6
0,3566,16,Yes,20.5,290.55
0,3567,35,Yes,62.1,2096.1
1,3568,32,Yes,79.5,2665
0,3569,28,Yes,19.55,543.8
0,3570,1,Yes,20.35,20.35
0,3571,59,No,51.7,3005.8
0,3572,72,Yes,23.3,1623.15
0,3573,36,Yes,65.4,2498.4
0,3574,40,Yes,65.1,2586
0,3575,40,Yes,81.2,3292.3
0,3576,9,Yes,72.9,651.4
0,3577,63,Yes,74.5,4674.55
0,3578,3,Yes,80.5,232.35
0,3579,40,No,60.3,2448.5
0,3580,8,Yes,75,658.1
1,3581,34,Yes,90.15,3128.8
0,3582,5,No,40,223.45
1,3583,9,Yes,99.45,919.4
0,3584,9,Yes,69.05,653.95
0,3585,31,Yes,59.7,1825.5
0,3586,50,Yes,19.85,943.1
0,3587,2,Yes,86.25,181.65
0,3588,1,Yes,45.65,45.65
0,3589,8,Yes,70.1,551.35
0,3590,9,No,40.75,359.4
1,3591,2,Yes,70.2,115.95
0,3592,3,Yes,55.35,165.2
0,3593,25,Yes,95.7,2338.35
1,3594,1,Yes,46.3,46.3
0,3595,45,Yes,81.3,3541.1
1,3596,51,Yes,84.2,4146.05
0,3597,55,Yes,20,1087.25
0,3598,38,Yes,66.15,2522.4
0,3599,2,Yes,45.85,81
0,3600,38,Yes,19.6,717.3
0,3601,34,Yes,49.8,1734.2
0,3602,70,Yes,101.75,7069.3
0,3603,13,Yes,55.15,742.9
0,3604,39,Yes,75.25,3017.65
0,3605,61,Yes,103.95,6423
0,3606,12,Yes,100.15,1164.3
0,3607,41,Yes,99.65,4220.35
0,3608,21,Yes,73.7,1558.7
1,3609,55,No,50.05,2743.45
0,3610,69,No,60.25,4055.5
1,3611,26,Yes,105.75,2710.25
1,3612,69,Yes,87.3,6055.55
1,3613,18,No,48.35,810.7
0,3614,47,Yes,54.25,2538.2
0,3615,72,Yes,85.3,6129.2
1,3616,33,No,50,1750.85
0,3617,2,No,24.4,36.55
0,3618,72,Yes,90.95,6652.45
1,3619,37,Yes,72.25,2575.45
1,3620,62,Yes,96.1,6019.35
0,3621,71,Yes,19.85,1379.6
0,3622,23,Yes,55.3,1284.2
0,3623,16,Yes,20.1,296.15
0,3624,9,Yes,69.5,653.25
0,3625,17,Yes,25.15,412.6
0,3626,4,Yes,20.95,85.5
1,3627,1,Yes,49.55,49.55
0,3628,24,Yes,79.65,1928.7
1,3629,1,Yes,71.25,71.25
1,3630,72,Yes,113.8,7845.8
0,3631,72,Yes,24.55,1750.7
0,3632,11,Yes,19.7,216.2
0,3633,9,Yes,20.25,178.5
1,3634,2,Yes,50.15,115.1
1,3635,60,Yes,100.5,6029
1,3636,29,Yes,95.9,2745.2
0,3637,49,Yes,74.45,3721.9
1,3638,30,Yes,104.1,3121.1
0,3639,53,Yes,19.05,990.45
0,3640,39,Yes,25,1004.35
0,3641,9,Yes,19.05,157.65
0,3642,39,Yes,81.9,3219.75
1,3643,8,Yes,69.7,572.85
0,3644,51,Yes,90.15,4554.85
0,3645,71,Yes,25.35,1847.55
1,3646,71,Yes,24.65,1766.75
1,3647,70,Yes,19.55,1462.05
1,3648,1,No,25.25,25.25
0,3649,38,No,60,2193.2
0,3650,28,Yes,89.9,2433.5
0,3651,32,Yes,19.4,641.15
1,3652,49,Yes,49.8,2398.4
0,3653,37,Yes,24.1,861.85
0,3654,10,Yes,54.25,583
0,3655,67,Yes,109.9,7332.4
0,3656,7,No,35.5,249.55
0,3657,51,Yes,87.55,4475.9
0,3658,9,Yes,45.15,416.45
0,3659,9,Yes,88.4,788.6
0,3660,4,Yes,50.8,202.3
0,3661,71,Yes,99,6994.6
0,3662,50,Yes,84.4,4116.15
1,3663,24,Yes,96.55,2263.45
0,3664,22,Yes,59.75,1374.35
0,3665,44,Yes,111.5,4915.15
0,3666,33,Yes,24.25,838.5
0,3667,1,Yes,75.1,75.1
0,3668,54,Yes,70.15,3715.65
0,3669,42,Yes,101.75,4273.45
0,3670,1,Yes,45.8,45.8
0,3671,1,Yes,20.5,20.5
0,3672,30,Yes,70.4,2044.75
0,3673,1,No,30.55,30.55
0,3674,16,Yes,84.9,1398.25
0,3675,1,Yes,20.1,20.1
0,3676,9,No,40.65,328.95
1,3677,46,Yes,101,4680.05
0,3678,1,Yes,69.1,69.1
0,3679,71,Yes,54.5,3778.2
0,3680,43,Yes,75.35,3161.4
0,3681,50,No,44.45,2188.45
0,3682,13,Yes,75,999.45
0,3683,19,Yes,100,1888.65
0,3684,41,Yes,98.05,3990.6
1,3685,1,Yes,71.15,71.15
0,3686,24,No,54.15,1240.25
0,3687,40,Yes,63.9,2635
0,3688,3,Yes,69.15,235
0,3689,37,Yes,64.65,2347.85
0,3690,67,Yes,108.75,7156.2
0,3691,32,Yes,98.85,3089.6
0,3692,6,Yes,49.15,270.8
0,3693,32,Yes,89.6,2901.8
0,3694,59,Yes,83.25,4949.1
0,3695,30,Yes,70.25,2198.9
0,3696,20,Yes,19.4,374.5
0,3697,27,Yes,24.5,761.95
1,3698,20,Yes,79.15,1520.9
0,3699,9,Yes,20.1,190.25
0,3700,68,Yes,73,5163
0,3701,69,Yes,61.4,4059.85
0,3702,26,Yes,84.3,2281.6
0,3703,69,Yes,19.9,1356.7
0,3704,11,Yes,20.4,231.45
0,3705,1,Yes,50.75,50.75
0,3706,10,Yes,20.45,242.4
0,3707,55,Yes,75.75,4264.25
0,3708,44,Yes,65.4,2774.55
1,3709,46,Yes,80.4,3605.2
0,3710,69,Yes,59.75,4069.9
1,3711,11,Yes,78.5,874.2
0,3712,11,Yes,102,1145.35
0,3713,29,Yes,48.95,1323.7
0,3714,57,Yes,99.65,5497.05
0,3715,28,Yes,18.25,534.7
0,3716,42,Yes,54.55,2455.05
0,3717,2,Yes,20.65,38.7
0,3718,23,No,40.65,947.4
0,3719,18,Yes,20.45,357
0,3720,62,Yes,24.8,1476.25
0,3721,1,Yes,70.8,70.8
0,3722,16,Yes,89.05,1448.6
0,3723,3,Yes,96.6,291.9
0,3724,67,Yes,88.8,5903.15
0,3725,62,Yes,20.05,1201.65
0,3726,57,Yes,104.5,5921.35
0,3727,2,Yes,69.8,146.65
0,3728,23,Yes,77.15,1759.4
0,3729,25,No,35.05,844.45
1,3730,72,Yes,108.1,7774.05
0,3731,2,Yes,84.05,134.05
0,3732,8,Yes,20.2,140.95
0,3733,5,Yes,50.6,249.95
0,3734,35,No,49.2,1701.65
0,3735,24,Yes,24.6,592.65
0,3736,2,Yes,71.65,135.75
0,3737,72,Yes,104.9,7732.65
0,3738,41,Yes,106.5,4282.4
0,3739,4,Yes,49.35,219.65
0,3740,26,Yes,75.5,2018.1
0,3741,7,Yes,94.25,669
0,3742,1,Yes,68.95,68.95
0,3743,4,Yes,58.5,224.85
0,3744,48,Yes,78.9,3771.5
1,3745,2,Yes,93.85,196.75
1,3746,12,Yes,79.2,943.85
0,3747,60,Yes,109.45,6572.85
0,3748,55,Yes,59.2,3175.85
0,3749,1,No,29.15,29.15
0,3750,1,Yes,20.05,20.05
0,3751,4,Yes,76.05,318.9
0,3752,1,No,24.45,24.45
0,3753,42,Yes,66.5,2762.75
0,3754,1,Yes,49.55,49.55
0,3755,7,Yes,89.35,631.85
0,3756,3,Yes,73.6,232.5
0,3757,72,Yes,82.65,5919.35
0,3758,15,Yes,49,749.25
0,3759,4,Yes,80.35,307.4
0,3760,11,Yes,25.2,245.15
0,3761,5,Yes,25.45,134.75
1,3762,1,Yes,55.8,55.8
0,3763,72,Yes,110.9,8240.85
0,3764,55,Yes,77.75,4266.4
0,3765,40,Yes,26.2,1077.5
0,3766,57,Yes,19.9,1115.6
0,3767,1,Yes,79.05,79.05
0,3768,1,Yes,95,95
0,3769,1,No,25.2,25.2
1,3770,52,Yes,80.85,4079.55
1,3771,41,Yes,98.4,4187.75
0,3772,43,Yes,56.35,2391.15
0,3773,47,Yes,19.3,890.5
0,3774,3,Yes,50.4,137.25
1,3775,66,Yes,79.4,5154.6
0,3776,55,Yes,55.25,3119.9
0,3777,29,Yes,19.1,529.5
0,3778,12,Yes,84.05,966.55
0,3779,66,Yes,105.2,6936.85
1,3780,35,Yes,101.4,3496.3
1,3781,10,Yes,89.8,914.3
0,3782,27,Yes,75.75,1929
0,3783,58,Yes,95.3,5817.7
0,3784,54,Yes,109.75,6110.2
0,3785,9,Yes,19.85,178.8
0,3786,2,Yes,19.3,28.3
0,3787,6,Yes,69.1,435
1,3788,26,Yes,91.25,2351.8
0,3789,9,Yes,20.25,186.15
0,3790,8,Yes,54.75,445.85
0,3791,12,Yes,81.45,912
0,3792,15,Yes,49.1,679.55
0,3793,43,Yes,80.2,3581.6
0,3794,42,Yes,100.3,4222.95
0,3795,31,Yes,65.25,1994.3
0,3796,66,Yes,90.95,5930.05
1,3797,18,Yes,85.45,1505.85
0,3798,1,Yes,20,20
0,3799,61,Yes,94.1,5638.3
0,3800,10,Yes,79.85,797.25
1,3801,1,Yes,71.65,71.65
1,3802,18,Yes,73.55,1359.45
0,3803,24,Yes,104.65,2542.45
0,3804,3,Yes,19.3,54.7
0,3805,50,Yes,20.15,989.05
0,3806,1,Yes,44.55,44.55
0,3807,2,Yes,54.45,87.3
0,3808,17,Yes,19.65,351.55
0,3809,69,Yes,105,7297.75
0,3810,72,Yes,88.7,6301.7
0,3811,3,Yes,74.25,210.3
1,3812,50,Yes,75.15,3822.45
0,3813,53,Yes,20.25,1048.45
0,3814,58,Yes,109.1,6393.65
0,3815,46,No,30.75,1489.3
1,3816,72,Yes,112.9,8061.5
1,3817,1,Yes,74.2,74.2
0,3818,6,Yes,94.05,518.75
0,3819,72,Yes,78.85,5763.15
0,3820,4,Yes,55.3,238.5
0,3821,52,Yes,19.35,1031.7
0,3822,2,Yes,20.45,34.8
0,3823,65,Yes,19.35,1319.95
1,3824,43,Yes,101,4388.4
0,3825,4,Yes,100.2,420.2
1,3826,25,Yes,89.05,2177.45
0,3827,51,Yes,78.65,3950.85
0,3828,12,Yes,74.75,827.05
0,3829,57,Yes,70.1,3913.3
0,3830,24,Yes,19.9,533.5
0,3831,64,Yes,58.35,3756.45
0,3832,4,Yes,105.65,443.9
0,3833,26,Yes,100.5,2599.95
0,3834,15,Yes,20.05,284.3
1,3835,64,Yes,25.65,1740.8
1,3836,36,Yes,96.5,3436.1
0,3837,27,Yes,95,2462.55
1,3838,1,Yes,70.85,70.85
0,3839,35,Yes,85.95,3110.1
0,3840,4,Yes,73.9,280.85
0,3841,8,Yes,45.45,411.75
0,3842,10,Yes,20,198.6
0,3843,2,Yes,49.2,103.7
0,3844,58,Yes,109.45,6144.55
0,3845,51,Yes,83.25,4089.45
0,3846,46,Yes,19.25,864.2
0,3847,1,Yes,19.65,19.65
0,3848,46,Yes,72.8,3249.4
0,3849,50,Yes,109.65,5405.8
0,3850,53,Yes,65,3363.8
0,3851,61,Yes,114.1,7132.15
0,3852,5,Yes,20.65,93.55
0,3853,47,Yes,86.95,4138.9
0,3854,54,Yes,94.75,5121.75
0,3855,19,No,25.35,566.1
0,3856,26,Yes,105.45,2715.3
0,3857,70,Yes,25.4,1782.05
0,3858,17,Yes,102.55,1742.5
0,3859,30,Yes,100.2,2983.8
0,3860,1,Yes,24,24
0,3861,19,Yes,25.6,485.9
0,3862,26,Yes,73.5,1905.7
0,3863,21,Yes,74.05,1565.7
0,3864,50,Yes,98.25,4858.7
0,3865,68,No,54.4,3723.65
0,3866,3,Yes,101.55,298.35
0,3867,9,Yes,103.1,970.45
0,3868,51,No,34.2,1782
0,3869,9,Yes,43.75,405.7
1,3870,41,Yes,111.95,4534.9
0,3871,22,Yes,100.65,2415.95
0,3872,21,No,55.95,1157.05
0,3873,71,Yes,116.05,8297.5
0,3874,1,Yes,45.75,45.75
0,3875,26,Yes,82,2083.1
0,3876,71,Yes,65.15,4681.75
0,3877,4,Yes,44.8,176.2
0,3878,12,Yes,79.8,1001.2
0,3879,18,Yes,88.85,1594.75
0,3880,3,Yes,74.95,212.4
1,3881,72,Yes,106.85,7677.4
0,3882,11,Yes,74.95,815.5
0,3883,1,Yes,80.15,80.15
0,3884,13,Yes,19.3,259.65
0,3885,72,Yes,109.25,8109.8
0,3886,42,Yes,56.1,2386.85
0,3887,17,Yes,19.7,340.35
1,3888,7,Yes,51.3,419.35
0,3889,68,Yes,118.6,7990.05
0,3890,56,Yes,24.15,1402.25
0,3891,38,Yes,20.3,749.35
0,3892,72,Yes,115.5,8425.15
0,3893,48,Yes,25.05,1171.5
1,3894,52,Yes,109.1,5647.95
0,3895,35,Yes,19.65,708.8
0,3896,67,Yes,111.3,7567.2
0,3897,1,No,29.9,29.9
0,3898,53,Yes,80.6,4348.1
0,3899,34,Yes,20.8,635.9
0,3900,3,No,35.2,108.95
0,3901,1,Yes,78.8,78.8
0,3902,19,Yes,89.95,1682.4
1,3903,60,Yes,116.05,6925.9
0,3904,11,Yes,19.55,223.15
0,3905,47,Yes,106.4,5127.95
0,3906,18,Yes,49.4,874.8
0,3907,60,Yes,115.25,6758.45
0,3908,72,Yes,24.8,1874.3
0,3909,39,Yes,19.9,791.15
0,3910,59,Yes,81.25,4639.45
0,3911,2,Yes,69.95,143.9
1,3912,1,Yes,69.1,69.1
0,3913,20,Yes,90.2,1776.55
0,3914,6,Yes,93.55,536.4
0,3915,71,Yes,86.4,6172
0,3916,24,Yes,66.3,1559.45
1,3917,67,Yes,94.65,6079
0,3918,1,Yes,80.85,80.85
0,3919,48,Yes,82.05,4029.95
0,3920,37,Yes,72.1,2658.4
0,3921,11,No,34.7,383.55
0,3922,3,Yes,20.55,51.15
0,3923,18,Yes,95.95,1745.5
0,3924,50,Yes,44.8,2230.85
0,3925,67,Yes,109.4,7281.6
0,3926,25,Yes,71.05,1837.7
1,3927,2,Yes,78.55,149.55
0,3928,9,Yes,19.7,180.7
0,3929,10,No,40.25,411.45
0,3930,70,Yes,19.85,1328.35
0,3931,9,Yes,68.25,576.95
0,3932,4,Yes,20.15,68.45
0,3933,2,Yes,50.95,123.05
0,3934,1,Yes,78.65,78.65
0,3935,19,No,25.15,468.35
0,3936,7,Yes,20.25,174.7
0,3937,1,Yes,42.9,42.9
1,3938,1,Yes,44,44
0,3939,9,Yes,20.25,172.35
0,3940,3,No,34.25,139.35
0,3941,9,No,58.5,539.85
0,3942,5,Yes,55.8,300.4
0,3943,56,Yes,88.9,4968
0,3944,18,Yes,57.65,992.7
1,3945,49,Yes,96.2,4718.25
0,3946,70,Yes,79.15,5536.5
0,3947,72,Yes,108.05,7806.6
1,3948,6,Yes,74.4,434.1
1,3949,17,Yes,94.8,1563.9
0,3950,29,No,45.9,1332.4
0,3951,6,Yes,105.3,545.2
0,3952,63,Yes,102.6,6296.75
0,3953,16,Yes,73.85,1284.2
0,3954,59,Yes,61.35,3645.5
0,3955,3,Yes,57.55,161.45
0,3956,8,No,29.25,226.95
1,3957,7,Yes,84.55,646.85
0,3958,68,Yes,19.6,1441.65
0,3959,68,Yes,111.75,7511.3
1,3960,52,Yes,106.5,5621.85
0,3961,72,Yes,107.7,7919.8
0,3962,32,Yes,19.3,593.2
0,3963,72,Yes,20.05,1423.65
0,3964,1,Yes,69.95,69.95
0,3965,42,Yes,63.7,2763.35
0,3966,25,Yes,24.75,692.1
0,3967,45,Yes,50.9,2298.55
0,3968,43,No,60.4,2640.55
0,3969,37,Yes,79.25,2911.8
1,3970,20,Yes,85.8,1727.5
0,3971,4,No,24.45,86.6
0,3972,63,Yes,110.1,6705.7
0,3973,3,Yes,90.7,237.65
0,3974,66,Yes,25.3,1672.35
0,3975,28,Yes,105.7,2979.5
1,3976,8,Yes,85.2,695.75
0,3977,71,Yes,24.35,1654.6
0,3978,1,No,24.25,24.25
0,3979,72,Yes,25.1,1857.85
1,3980,16,Yes,54.55,825.1
0,3981,66,Yes,96.6,6424.25
0,3982,11,Yes,76.5,837.95
0,3983,51,Yes,81.15,4126.2
0,3984,8,No,38.5,330.8
0,3985,14,Yes,92.9,1337.45
0,3986,4,Yes,93.5,362.2
0,3987,70,Yes,84.7,5991.05
0,3988,70,Yes,66,4891.5
1,3989,54,Yes,101.5,5373.1
0,3990,28,Yes,74.9,2068.55
0,3991,24,Yes,20.75,487.05
0,3992,69,Yes,61.45,4131.2
0,3993,42,Yes,54.5,2301.15
1,3994,2,Yes,69.6,131.65
1,3995,39,Yes,99.75,4036
0,3996,45,Yes,109.75,4900.65
0,3997,72,Yes,80.85,5727.45
0,3998,38,Yes,20.3,743.05
0,3999,72,Yes,67.8,4804.65
0,4000,1,Yes,24.05,24.05
0,4001,72,Yes,19.8,1414.65
0,4002,55,Yes,25.7,1443.65
0,4003,51,No,56.15,2898.95
0,4004,63,Yes,86.7,5309.5
0,4005,1,Yes,20.4,20.4
0,4006,23,Yes,19.65,451.55
0,4007,1,Yes,50.55,50.55
0,4008,2,Yes,54.35,117.05
1,4009,52,Yes,108.1,5839.3
0,4010,36,Yes,54.45,1893.5
0,4011,1,Yes,45.35,45.35
0,4012,28,Yes,59,1654.45
0,4013,7,Yes,69.45,477.05
0,4014,14,Yes,100.55,1415.55
1,4015,72,No,64.95,4546
0,4016,1,Yes,20.5,20.5
0,4017,10,Yes,18.85,163.2
0,4018,42,Yes,19.8,849.9
0,4019,7,No,25.05,189.95
0,4020,4,Yes,74.8,321.9
0,4021,72,Yes,114.3,8058.55
0,4022,20,No,24.45,482.8
0,4023,63,Yes,109.2,7049.75
0,4024,56,No,45.05,2560.1
0,4025,5,Yes,51,286.8
0,4026,72,Yes,110.45,7982.5
1,4027,68,Yes,84.65,5683.6
0,4028,67,Yes,60.05,3994.05
0,4029,8,Yes,44.65,369.15
0,4030,52,Yes,93.25,4631.7
0,4031,18,Yes,20.25,401.95
0,4032,59,Yes,25.45,1534.05
0,4033,60,Yes,20.6,1093
0,4034,7,Yes,94.1,701.3
0,4035,59,No,34.8,1980.3
0,4036,46,No,60.75,2893.4
0,4037,5,Yes,51.35,262.3
1,4038,59,No,64.05,3886.85
0,4039,70,Yes,84.8,5917.55
0,4040,14,Yes,71,914
0,4041,44,Yes,50.15,2139.1
0,4042,64,Yes,94.6,5948.7
0,4043,58,No,59.75,3624.35
1,4044,46,Yes,100.25,4753.85
1,4045,58,Yes,98.9,5780.7
0,4046,72,Yes,97.7,6869.7
1,4047,30,No,40.3,1172.95
1,4048,11,Yes,60.25,662.95
1,4049,34,No,56.25,1765.95
0,4050,54,No,46.2,2431.95
0,4051,3,No,50.6,155.35
0,4052,72,Yes,24.9,1859.2
0,4053,40,Yes,84.85,3303.05
0,4054,2,Yes,65.7,134.35
0,4055,54,Yes,63.35,3409.1
0,4056,14,Yes,50.1,709.5
0,4057,1,Yes,70.5,70.5
0,4058,10,Yes,94.85,953.45
0,4059,1,Yes,50.15,50.15
0,4060,1,Yes,19.75,19.75
0,4061,56,Yes,64.65,3665.55
0,4062,68,Yes,79.6,5515.8
0,4063,14,Yes,19.5,272
0,4064,68,Yes,99.55,6668
1,4065,55,Yes,74,4052.4
0,4066,16,No,38.9,664.4
1,4067,9,Yes,79.55,718.55
0,4068,14,Yes,65.45,937.6
1,4069,58,Yes,98.7,5812.6
0,4070,53,No,46.3,2546.85
0,4071,70,Yes,99.35,6944.5
1,4072,14,Yes,95.8,1346.3
0,4073,22,Yes,67.5,1544.05
0,4074,10,Yes,78.15,765.15
0,4075,29,Yes,26.1,692.55
0,4076,1,Yes,69.6,69.6
0,4077,49,Yes,84.35,4059.35
1,4078,68,Yes,100.2,6851.65
0,4079,1,Yes,78.05,78.05
0,4080,30,No,40.35,1187.05
0,4081,72,Yes,79.2,5401.9
0,4082,10,Yes,20.9,247
0,4083,7,Yes,73.6,520
0,4084,9,Yes,74.75,706.6
0,4085,1,Yes,49.9,49.9
0,4086,20,Yes,68.9,1370.35
0,4087,1,Yes,20.25,20.25
0,4088,29,Yes,76,2215.25
0,4089,1,Yes,74,74
0,4090,3,Yes,82.3,214.4
0,4091,20,Yes,89.4,1871.15
0,4092,64,Yes,99.15,6171.2
0,4093,1,Yes,20.2,20.2
0,4094,6,No,29.45,161.45
0,4095,50,Yes,19.8,1013.2
0,4096,6,Yes,59.15,336.7
0,4097,7,Yes,44.75,333.65
0,4098,72,Yes,90.8,6511.8
0,4099,8,Yes,49.55,393.45
0,4100,67,Yes,106.7,7009.5
1,4101,24,Yes,93.55,2264.05
0,4102,72,Yes,94.45,6921.7
0,4103,33,Yes,19.45,600.25
0,4104,2,No,25.05,56.35
0,4105,70,Yes,67.95,4664.15
0,4106,22,Yes,65.25,1441.8
0,4107,59,Yes,99.45,5623.7
0,4108,36,Yes,20.35,695.85
0,4109,51,Yes,19.95,1028.75
0,4110,53,Yes,77.4,4155.95
0,4111,20,Yes,19.7,395.6
0,4112,63,Yes,99.7,6330.4
0,4113,40,Yes,74.8,2971.7
0,4114,35,Yes,19.15,638
0,4115,26,Yes,78.95,2034.25
1,4116,27,Yes,95.55,2510.2
0,4117,53,Yes,62.85,3419.5
1,4118,34,Yes,71.55,2427.35
1,4119,19,Yes,94.95,1760.25
0,4120,43,Yes,86.1,3551.65
0,4121,6,Yes,19.55,122.9
0,4122,56,Yes,24.8,1424.2
0,4123,57,No,39.3,2111.45
0,4124,34,Yes,84.05,2909.95
0,4125,10,No,36.25,374
0,4126,1,Yes,20.25,20.25
0,4127,13,No,23.9,300.8
0,4128,56,Yes,98.6,5581.05
0,4129,55,Yes,103.65,5676.65
0,4130,36,Yes,92.9,3379.25
0,4131,47,Yes,19.9,942.95
0,4132,12,Yes,20.1,232.4
0,4133,1,Yes,85.45,85.45
1,4134,24,Yes,80.5,2088.45
0,4135,63,Yes,99.9,6137
1,4136,35,No,39.85,1434.6
0,4137,67,Yes,60.5,3870
0,4138,25,Yes,84.8,2043.45
0,4139,21,Yes,103.85,2215
0,4140,13,Yes,67.8,842.25
0,4141,35,Yes,75.2,2576.2
1,4142,71,Yes,24.85,1901
0,4143,29,Yes,19.35,601.6
0,4144,71,No,49.35,3515.25
1,4145,7,Yes,89,605.45
1,4146,57,No,55,3094.05
0,4147,65,Yes,76.15,4929.55
0,4148,27,Yes,20.3,595.05
0,4149,6,Yes,74.9,469.8
1,4150,72,Yes,117.35,8436.25
0,4151,1,Yes,19.75,19.75
0,4152,11,Yes,45.2,492
0,4153,39,Yes,25.2,987.95
1,4154,59,Yes,89.75,5496.9
0,4155,26,Yes,75,1908.35
1,4156,2,Yes,49.95,107.1
0,4157,72,No,65.7,4575.35
0,4158,65,Yes,67.05,4309.55
0,4159,72,Yes,110.9,7922.75
0,4160,6,Yes,87.95,522.35
1,4161,32,Yes,19.8,587.7
0,4162,50,Yes,75.7,3876.2
0,4163,61,No,62.15,3778.85
0,4164,15,Yes,101.25,1457.25
0,4165,72,Yes,115.15,8349.45
0,4166,9,Yes,18.95,185.6
0,4167,1,Yes,19.5,19.5
0,4168,12,Yes,86.55,1066.9
0,4169,37,No,28.6,973.55
0,4170,61,Yes,20.4,1226.45
0,4171,18,Yes,19.8,342.3
0,4172,21,Yes,45.65,985.05
0,4173,68,No,56.4,3948.45
1,4174,12,Yes,73.3,828.05
1,4175,2,No,24.35,41.85
0,4176,62,Yes,101.35,6164.7
1,4177,29,Yes,98.65,2862.75
0,4178,1,No,33.6,33.6
1,4179,5,Yes,79.9,343.95
0,4180,1,Yes,20.7,20.7
0,4181,62,Yes,104.05,6590.5
0,4182,36,Yes,20.25,717.95
1,4183,28,Yes,103.3,2890.65
0,4184,69,Yes,73.7,4885.85
0,4185,11,Yes,96.2,1222.05
0,4186,63,Yes,108.75,6871.7
0,4187,23,Yes,20.15,405.6
0,4188,10,Yes,19.75,208.25
0,4189,71,Yes,25.95,1801.9
1,4190,45,Yes,70.05,3062.45
0,4191,70,Yes,24.05,1764.75
0,4192,22,Yes,84.75,1816.75
0,4193,52,Yes,23.05,1255.1
0,4194,55,Yes,104.15,5743.05
0,4195,65,No,59.95,3921.1
0,4196,72,Yes,19.55,1463.45
0,4197,10,Yes,19.6,189.45
0,4198,7,Yes,20.05,96.8
1,4199,5,Yes,85.55,408.5
0,4200,24,Yes,78.6,1846.65
0,4201,72,Yes,116.8,8456.75
0,4202,21,No,43.55,1011.5
0,4203,69,No,60.8,4263.4
0,4204,44,Yes,54.9,2549.1
1,4205,61,Yes,65.2,3965.05
1,4206,24,Yes,102.95,2496.7
0,4207,1,Yes,90.6,90.6
0,4208,6,Yes,50.8,288.05
0,4209,4,Yes,90.05,368.1
0,4210,72,Yes,108.2,7840.6
0,4211,72,Yes,92,6632.75
1,4212,14,Yes,75.1,1013.35
0,4213,7,Yes,25.05,152.95
0,4214,48,Yes,75.15,3772.65
0,4215,55,Yes,19.5,1026.35
0,4216,1,Yes,19.3,19.3
0,4217,45,Yes,112.2,5031.85
0,4218,3,Yes,70.3,220.4
0,4219,71,Yes,19.6,1416.5
0,4220,8,Yes,20.25,158.35
0,4221,3,Yes,75.85,256.6
0,4222,69,Yes,80.65,5542.55
0,4223,1,Yes,68.5,68.5
1,4224,72,Yes,115.75,8443.7
0,4225,11,Yes,73.5,791.75
0,4226,71,Yes,80.6,5708.2
0,4227,1,Yes,69.95,69.95
0,4228,33,No,59.55,2016.3
0,4229,16,Yes,19.05,326.65
1,4230,56,Yes,95.65,5471.75
0,4231,1,Yes,19.95,19.95
0,4232,5,Yes,70.05,346.4
0,4233,57,Yes,19.4,1061.6
0,4234,56,No,36.1,1971.5
0,4235,8,Yes,94,773.65
0,4236,22,Yes,61.15,1422.05
0,4237,1,Yes,19.75,19.75
0,4238,40,Yes,64.1,2460.35
0,4239,46,Yes,19.75,856.5
0,4240,63,Yes,19.7,1275.85
0,4241,68,Yes,110.2,7467.5
0,4242,69,Yes,106.35,7261.75
0,4243,56,Yes,90.55,5116.6
0,4244,10,Yes,65.9,660.05
0,4245,63,Yes,104.5,6590.8
0,4246,24,No,52.5,1208.15
0,4247,19,Yes,56.1,1033.9
0,4248,22,Yes,88.75,1885.15
0,4249,29,Yes,84.45,2467.1
0,4250,13,Yes,75.3,989.45
0,4251,70,Yes,26,2006.95
0,4252,49,Yes,99.4,5025
1,4253,43,Yes,109.55,4830.25
0,4254,3,Yes,19.6,59.75
0,4255,42,Yes,73.15,3088.25
0,4256,57,Yes,54.65,3134.7
1,4257,2,Yes,66.4,94.55
0,4258,72,Yes,115.55,8312.4
1,4259,46,Yes,104.45,4863.85
1,4260,66,Yes,100.05,6871.9
0,4261,62,Yes,102,6529.25
0,4262,72,Yes,91.15,6637.9
0,4263,35,Yes,89.7,3165.6
0,4264,17,Yes,90.2,1454.15
0,4265,72,Yes,92.4,6786.1
0,4266,28,Yes,19.9,543
0,4267,56,Yes,25.15,1327.15
0,4268,31,Yes,79.85,2404.15
0,4269,45,Yes,18.85,867.3
0,4270,1,Yes,25.75,25.75
0,4271,2,Yes,49.6,114.7
0,4272,6,Yes,20.95,109.5
0,4273,48,Yes,97.05,4692.95
0,4274,25,Yes,25.4,546.85
0,4275,64,Yes,19.7,1274.05
0,4276,50,No,35,1782.4
0,4277,52,Yes,101.25,5301.1
1,4278,4,Yes,70.2,280.35
1,4279,32,Yes,90.95,2897.95
0,4280,45,Yes,73.85,3371
0,4281,9,Yes,88.05,801.3
1,4282,66,Yes,105.95,6975.25
0,4283,3,Yes,91.85,257.05
0,4284,54,Yes,20.1,1079.45
0,4285,1,No,40.1,40.1
0,4286,64,Yes,110.3,6997.3
1,4287,31,Yes,73.9,2217.15
0,4288,14,Yes,89.8,1129.1
0,4289,12,Yes,85.15,979.05
1,4290,67,Yes,60.95,4119.4
0,4291,35,Yes,72.25,2568.55
0,4292,45,Yes,73.55,3349.1
0,4293,10,Yes,46,492.1
1,4294,29,Yes,58.55,1718.95
0,4295,24,Yes,24.6,605.25
0,4296,66,Yes,19.75,1344.5
0,4297,51,Yes,86.35,4267.15
0,4298,45,Yes,25.5,1121.05
0,4299,49,Yes,19,918.7
0,4300,29,Yes,19.55,521.8
0,4301,40,Yes,110.1,4469.1
1,4302,37,Yes,96.55,3580.3
0,4303,25,Yes,69.75,1729.35
0,4304,22,No,50.6,1073.3
0,4305,72,No,65.6,4566.5
0,4306,7,No,40.1,293.3
0,4307,33,Yes,82.1,2603.1
0,4308,23,Yes,79.1,1783.75
1,4309,24,Yes,101.25,2440.15
0,4310,1,Yes,79.55,79.55
0,4311,69,Yes,90.65,6322.1
0,4312,3,Yes,20.55,57.4
0,4313,56,Yes,75.75,4284.65
0,4314,65,Yes,110,7138.65
0,4315,71,Yes,20.85,1539.75
1,4316,14,Yes,80.35,1058.1
0,4317,2,Yes,70.15,123.8
0,4318,32,Yes,84.05,2781.85
0,4319,40,Yes,67.45,2731
0,4320,1,Yes,20.75,20.75
0,4321,1,Yes,89.1,89.1
0,4322,7,Yes,69.9,497.3
0,4323,15,Yes,51.1,711.15
0,4324,17,Yes,94.4,1607.2
0,4325,19,Yes,78.25,1490.95
0,4326,71,Yes,25.55,1898.1
0,4327,54,Yes,60,3273.95
0,4328,31,Yes,90.55,2929.75
0,4329,11,Yes,76.4,838.7
1,4330,18,Yes,84.95,1443.65
1,4331,72,Yes,110.1,7746.7
1,4332,71,Yes,99.65,6951.15
1,4333,5,No,45.4,214.75
0,4334,38,Yes,69,2669.45
0,4335,5,Yes,48.65,235.2
1,4336,2,Yes,44.15,92.65
1,4337,52,Yes,59.85,3103.25
1,4338,8,Yes,75.75,606.25
0,4339,68,Yes,80.65,5330.2
0,4340,69,Yes,20.55,1403.1
0,4341,42,Yes,66.4,2727.8
0,4342,50,Yes,100.2,5038.45
0,4343,1,Yes,19.1,19.1
1,4344,1,Yes,80.3,80.3
0,4345,33,Yes,44.55,1462.6
0,4346,7,Yes,20.35,150.6
0,4347,64,Yes,91.8,5960.5
0,4348,1,Yes,74.9,74.9
0,4349,59,Yes,20.2,1192.3
0,4350,6,Yes,50.35,314.55
0,4351,3,Yes,18.8,56
0,4352,15,Yes,20.45,330.8
0,4353,13,Yes,64.75,877.35
0,4354,23,Yes,98.7,2249.1
1,4355,31,Yes,89.45,2807.65
0,4356,29,Yes,58.75,1696.2
0,4357,49,Yes,20.7,1032.05
0,4358,56,Yes,85.6,4902.8
0,4359,63,Yes,80.3,4995.35
0,4360,63,Yes,79.8,5034.05
1,4361,24,Yes,79.85,1857.75
1,4362,36,Yes,54.1,1992.85
1,4363,9,Yes,80.85,751.65
0,4364,3,No,24.75,66.95
0,4365,21,Yes,80.9,1714.95
0,4366,13,Yes,24.5,343.6
0,4367,1,Yes,20.15,20.15
0,4368,25,Yes,20.05,520.1
0,4369,71,Yes,19.6,1387.45
0,4370,66,Yes,114.3,7383.7
0,4371,45,Yes,100.3,4483.95
0,4372,22,Yes,80,1706.45
0,4373,67,Yes,20.85,1327.4
0,4374,68,Yes,89.95,5974.3
1,4375,49,Yes,90.85,4515.85
1,4376,4,Yes,48.75,179.85
0,4377,63,Yes,80,5040.2
0,4378,2,Yes,79.7,165
0,4379,21,Yes,20.35,422.7
0,4380,55,Yes,57.55,3046.4
0,4381,1,Yes,20.25,20.25
0,4382,17,Yes,19.4,358.05
0,4383,30,Yes,100.4,2936.25
0,4384,22,Yes,57.95,1271.8
0,4385,9,Yes,59.5,530.05
0,4386,1,Yes,19.2,19.2
0,4387,21,Yes,86.5,1808.7
0,4388,19,Yes,59.55,1144.6
0,4389,69,Yes,103.95,7446.9
1,4390,1,No,25.1,25.1
0,4391,72,Yes,103.95,7556.9
0,4392,70,Yes,68.95,4858.7
0,4393,66,Yes,103.1,6595
0,4394,7,No,24.7,149.05
1,4395,46,Yes,110.2,4972.1
0,4396,39,No,48.95,1880.85
0,4397,32,Yes,62.45,2045.55
0,4398,24,Yes,89.55,2187.15
0,4399,6,Yes,83.55,477.55
0,4400,37,Yes,78.9,2976.95
0,4401,8,Yes,20.35,178.7
0,4402,72,Yes,71.45,5025.85
1,4403,71,No,46.35,3353.4
0,4404,16,Yes,94.65,1461.15
0,4405,57,No,49.9,2782.4
0,4406,66,Yes,25.45,1699.15
1,4407,17,Yes,89.15,1496.9
0,4408,21,Yes,20.75,452.2
0,4409,66,Yes,66.1,4428.45
0,4410,17,Yes,75.4,1322.55
0,4411,1,Yes,70.45,70.45
0,4412,58,Yes,60.3,3563.8
0,4413,8,Yes,21.05,139.75
0,4414,27,Yes,69.35,1927.3
0,4415,34,Yes,88.85,3000.25
0,4416,30,Yes,97,3021.3
0,4417,33,Yes,66.4,2245.4
0,4418,1,No,24.75,24.75
0,4419,14,Yes,69.2,944.65
0,4420,16,Yes,79.5,1264.2
0,4421,49,Yes,100.65,4917.75
0,4422,19,Yes,103.3,2012.7
0,4423,70,Yes,79.7,5743.3
0,4424,32,Yes,61.4,1864.65
0,4425,18,Yes,69.8,1221.65
0,4426,37,No,40.55,1390.85
0,4427,4,Yes,75.65,302.35
0,4428,16,Yes,90.7,1374.9
0,4429,17,Yes,80.5,1336.9
0,4430,19,Yes,60.6,1297.8
0,4431,60,Yes,101.15,6067.4
0,4432,51,Yes,24.95,1222.25
0,4433,28,Yes,20.3,487.95
0,4434,43,Yes,60,2548.55
0,4435,42,Yes,20.25,835.5
0,4436,3,Yes,78.5,242.05
0,4437,1,Yes,44.75,44.75
0,4438,3,Yes,19.85,63.75
0,4439,63,Yes,98,6218.45
1,4440,3,Yes,79.9,260.9
0,4441,68,Yes,107.7,7320.9
1,4442,30,Yes,99.7,2967.35
0,4443,60,Yes,104.7,6333.8
0,4444,15,Yes,58.6,939.7
1,4445,45,Yes,93.9,4200.25
0,4446,70,Yes,86.45,5950.2
0,4447,10,Yes,98.5,1037.75
0,4448,4,Yes,19.4,93.4
0,4449,1,Yes,50.45,50.45
0,4450,68,Yes,24.95,1614.9
0,4451,22,Yes,75,1573.95
0,4452,38,Yes,94.65,3624.3
0,4453,1,Yes,100.25,100.25
0,4454,18,Yes,78.2,1468.75
0,4455,29,Yes,94.2,2607.6
0,4456,16,Yes,88.45,1422.1
0,4457,1,Yes,69.85,69.85
0,4458,12,Yes,81.7,858.6
0,4459,31,No,50.05,1523.4
0,4460,4,Yes,79.9,324.3
0,4461,48,Yes,69.55,3435.6
0,4462,15,Yes,25.4,399.6
0,4463,50,Yes,90.1,4549.45
0,4464,7,Yes,44.65,322.5
1,4465,41,Yes,83.75,3273.55
0,4466,68,Yes,80.35,5375.15
1,4467,26,Yes,98.1,2510.7
0,4468,57,No,53.35,3090.05
0,4469,3,Yes,19.55,61.05
0,4470,1,Yes,20.9,20.9
0,4471,19,Yes,48.95,955.6
0,4472,3,Yes,54.2,140.4
0,4473,59,Yes,24.45,1493.1
0,4474,1,Yes,69.4,69.4
0,4475,42,No,40.15,1626.05
0,4476,7,Yes,74.9,541.15
0,4477,67,Yes,25.6,1784.9
0,4478,1,Yes,70.35,70.35
0,4479,66,Yes,91.7,6075.9
0,4480,61,Yes,89.2,5500.6
0,4481,4,Yes,24.1,73.1
1,4482,42,Yes,74.15,3229.4
0,4483,64,Yes,53.85,3399.85
1,4484,54,Yes,115.6,6431.05
0,4485,1,Yes,19.75,19.75
0,4486,54,Yes,24.05,1230.9
0,4487,18,Yes,25.3,454.65
0,4488,3,Yes,84.3,235.05
0,4489,1,Yes,70.1,70.1
0,4490,72,Yes,89.75,6595.9
1,4491,60,Yes,97.95,5867
0,4492,11,Yes,20,196.35
0,4493,12,Yes,78.3,909.25
0,4494,61,Yes,103.9,6449.15
0,4495,39,Yes,20.7,762.45
0,4496,55,Yes,96.8,5283.95
0,4497,17,Yes,94.4,1617.5
0,4498,37,Yes,20.15,785.75
0,4499,72,Yes,26,1776
1,4500,72,Yes,77.35,5396.25
0,4501,8,Yes,66.05,574.5
0,4502,22,Yes,19.9,400.3
0,4503,1,Yes,84.3,84.3
0,4504,38,Yes,68.15,2656.3
0,4505,17,Yes,80.85,1445.95
1,4506,70,Yes,75.5,5212.65
1,4507,72,Yes,92.45,6440.25
0,4508,28,Yes,80.6,2244.95
0,4509,15,Yes,83.2,1130
0,4510,72,Yes,87.55,6463.15
1,4511,11,Yes,99.55,1131.2
1,4512,8,Yes,81.25,585.95
0,4513,57,Yes,109.4,6252.7
0,4514,1,Yes,19.95,19.95
0,4515,46,No,45.55,2062.15
0,4516,30,Yes,20.7,587.1
1,4517,10,Yes,75.3,720.45
0,4518,23,Yes,99.25,2186.4
0,4519,32,Yes,93.4,2979.3
0,4520,13,Yes,73.75,956.65
0,4521,39,Yes,80.45,3201.55
0,4522,44,Yes,88.15,3973.2
1,4523,9,Yes,49.2,447.9
0,4524,67,Yes,19.65,1335.2
0,4525,9,Yes,79.35,661.25
0,4526,15,Yes,79.75,1111.85
0,4527,71,Yes,105.15,7555
0,4528,1,Yes,49,49
0,4529,30,Yes,100.05,3046.15
0,4530,1,Yes,69.35,69.35
0,4531,17,No,49.8,836.35
0,4532,3,Yes,85.8,272.2
0,4533,67,Yes,79.7,5293.4
0,4534,1,Yes,20.95,20.95
1,4535,1,Yes,50.55,50.55
1,4536,32,Yes,79.3,2570
0,4537,41,Yes,19.5,798.2
0,4538,1,Yes,80.55,80.55
0,4539,1,Yes,44.15,44.15
0,4540,12,Yes,84.5,916.9
0,4541,62,Yes,105.5,6487.2
0,4542,22,Yes,84.3,1855.65
0,4543,17,Yes,92.7,1556.85
0,4544,72,Yes,26.25,1988.05
0,4545,56,Yes,96.95,5432.2
0,4546,9,Yes,20.45,147.55
0,4547,72,Yes,115.8,8424.9
0,4548,20,Yes,108.2,2203.7
0,4549,19,Yes,20.2,387.4
0,4550,2,Yes,67.75,116.65
0,4551,53,No,54.9,3045.75
1,4552,27,Yes,85.25,2287.25
0,4553,6,Yes,20.15,130.5
0,4554,9,Yes,90.35,767.9
0,4555,8,Yes,55.75,446.8
0,4556,71,Yes,114.6,8100.25
0,4557,10,Yes,80.05,830.7
0,4558,1,Yes,20,20
0,4559,71,No,66.8,4689.15
0,4560,68,Yes,100.3,6754.35
0,4561,34,Yes,105.35,3540.65
0,4562,26,Yes,85.2,2184.6
0,4563,22,Yes,48.8,1054.6
0,4564,7,Yes,18.95,130.55
0,4565,20,Yes,69.8,1540.35
0,4566,60,Yes,106.15,6411.25
0,4567,72,Yes,20.55,1432.55
1,4568,72,Yes,105.75,7629.85
0,4569,4,Yes,25.25,101.9
0,4570,16,Yes,19.75,313.4
1,4571,62,Yes,104.85,6312.9
0,4572,10,Yes,60.95,629.55
0,4573,31,Yes,81.15,2640.55
0,4574,71,Yes,19.1,1372.45
0,4575,58,Yes,20.8,1212.25
0,4576,70,Yes,90.15,6237.05
0,4577,71,Yes,90.1,6310.9
1,4578,69,Yes,74.1,5031
1,4579,1,Yes,85.05,85.05
0,4580,72,Yes,118.75,8672.45
0,4581,26,Yes,85.9,2196.45
0,4582,33,Yes,95,3008.15
0,4583,10,Yes,20.15,220.8
1,4584,57,Yes,101.3,5779.6
0,4585,10,Yes,21.2,222.65
0,4586,39,Yes,24.2,914.6
0,4587,11,Yes,20.3,246.3
0,4588,21,Yes,102.8,2110.15
0,4589,68,Yes,85.3,5560
0,4590,18,Yes,89.6,1633
0,4591,6,Yes,99.95,547.65
0,4592,18,Yes,56.25,969.85
0,4593,52,Yes,50.95,2610.65
0,4594,56,Yes,115.85,6567.9
0,4595,45,Yes,103.65,4747.85
0,4596,67,Yes,26.1,1759.55
0,4597,3,No,35.1,101.1
1,4598,65,Yes,99.1,6496.15
0,4599,63,Yes,67.25,4234.15
0,4600,11,Yes,25,300.7
0,4601,1,Yes,59.55,59.55
0,4602,55,Yes,77.8,4323.35
0,4603,25,Yes,55.1,1466.1
0,4604,72,Yes,117.8,8684.8
0,4605,72,Yes,24.15,1776.45
0,4606,65,No,45.25,2933.95
1,4607,54,Yes,79.5,4370.25
0,4608,7,Yes,20.25,144.35
0,4609,72,Yes,64.75,4804.75
0,4610,21,Yes,54.6,1125.2
0,4611,2,Yes,20.7,39.85
1,4612,4,Yes,94.75,422.4
0,4613,3,Yes,79.65,251.75
0,4614,72,Yes,115.8,8332.15
0,4615,6,Yes,49.45,314.6
0,4616,52,Yes,83.8,4331.4
1,4617,69,Yes,95.35,6382
0,4618,8,Yes,94.7,740.3
1,4619,8,Yes,74.05,600.15
1,4620,63,Yes,89.6,5538.8
0,4621,60,Yes,116.6,7049.5
0,4622,12,Yes,54.2,690.5
0,4623,13,Yes,19.3,279.3
0,4624,22,Yes,65.05,1427.55
0,4625,5,Yes,92.5,452.7
0,4626,1,Yes,19.45,19.45
0,4627,72,Yes,24.05,1709.15
0,4628,2,Yes,18.75,53.15
0,4629,40,Yes,20.15,777.35
0,4630,44,Yes,20,860.85
1,4631,71,Yes,71,5012.1
0,4632,2,Yes,75.55,166.3
1,4633,26,Yes,93.6,2404.1
0,4634,1,Yes,70,70
0,4635,1,No,24.4,24.4
0,4636,65,Yes,74.8,4820.15
0,4637,3,Yes,65.25,209.9
0,4638,13,Yes,50.55,610.75
0,4639,33,Yes,104.4,3409.6
0,4640,1,Yes,70.7,70.7
0,4641,4,Yes,45.25,155.35
0,4642,2,Yes,70.3,144
0,4643,72,Yes,108.95,7875
0,4644,37,Yes,26.45,911.6
0,4645,15,Yes,86.2,1270.2
0,4646,23,Yes,19.65,478.1
0,4647,30,No,51.2,1561.5
0,4648,42,Yes,19.05,761.85
0,4649,32,Yes,74.75,2282.95
0,4650,22,Yes,75.8,1615.1
0,4651,42,No,25.1,1097.15
0,4652,8,Yes,44.45,369.3
0,4653,65,Yes,104.3,6725.3
0,4654,2,Yes,19.5,31.55
0,4655,70,Yes,89,6293.2
0,4656,22,Yes,20.15,432.5
1,4657,4,Yes,74.9,321.75
0,4658,2,Yes,74.9,147.15
0,4659,67,No,36.15,2434.45
0,4660,25,Yes,19.2,532.1
0,4661,20,Yes,19.25,375.25
0,4662,2,Yes,61.2,125.95
0,4663,51,Yes,20.45,1042.65
0,4664,46,No,35.05,1620.25
0,4665,25,Yes,100.25,2387.75
0,4666,13,Yes,44,659.35
1,4667,25,Yes,102.8,2660.2
0,4668,26,Yes,50.35,1285.8
0,4669,43,Yes,100,4211.55
0,4670,19,Yes,20,377.55
0,4671,10,Yes,99.85,990.9
0,4672,2,Yes,94.2,193.8
0,4673,72,Yes,86.4,6058.95
1,4674,18,Yes,58.4,964.9
1,4675,9,Yes,83.85,790.15
1,4676,27,Yes,88.3,2467.75
0,4677,24,Yes,94.1,2322.85
0,4678,69,Yes,104.05,7262
0,4679,46,Yes,108.9,4854.3
1,4680,72,Yes,107.4,7748.75
0,4681,22,Yes,94.7,1914.9
1,4682,70,Yes,90.85,6470.1
0,4683,2,Yes,19.9,57.4
0,4684,31,Yes,66.4,2019.8
1,4685,56,Yes,100.65,5688.05
0,4686,16,Yes,100.7,1522.7
0,4687,52,Yes,25.6,1334.5
0,4688,13,Yes,19.85,252
0,4689,35,Yes,20.75,700.45
0,4690,59,Yes,95.8,5655.45
0,4691,72,Yes,94.65,6747.35
1,4692,66,Yes,80.55,5265.1
0,4693,49,Yes,106.65,5174.35
0,4694,2,Yes,45.85,105.6
1,4695,21,Yes,104.35,2271.85
1,4696,54,No,55.45,2966.95
1,4697,24,Yes,78.85,1772.25
0,4698,1,Yes,61.15,61.15
0,4699,6,Yes,78.95,494.95
0,4700,1,Yes,44.45,44.45
0,4701,49,Yes,109.2,5290.45
0,4702,56,Yes,61.3,3346.8
1,4703,56,Yes,96.85,5219.65
0,4704,6,No,40.55,217.5
0,4705,32,Yes,19.8,607.7
0,4706,50,Yes,108.25,5431.4
0,4707,58,Yes,105.05,6004.85
0,4708,65,Yes,90.45,5957.9
0,4709,64,Yes,86.4,5442.05
0,4710,66,Yes,66.9,4370.25
0,4711,38,Yes,110.7,4428.6
0,4712,20,Yes,20,416.45
0,4713,36,Yes,84.9,3067.2
1,4714,64,Yes,102.1,6688.1
0,4715,1,Yes,20.25,20.25
0,4716,60,Yes,70.15,4224.7
0,4717,1,Yes,74.35,74.35
0,4718,50,Yes,80.05,4042.2
0,4719,1,Yes,62.05,62.05
0,4720,72,No,49.2,3580.95
0,4721,60,Yes,20.5,1198.8
0,4722,46,No,38.25,1755.35
0,4723,69,No,54.95,3772.5
1,4724,31,Yes,96.6,2877.95
0,4725,19,Yes,19.9,357.7
0,4726,71,Yes,19.9,1397.3
0,4727,12,Yes,84.6,959.9
0,4728,39,Yes,80,3182.95
0,4729,44,Yes,85.25,3704.15
0,4730,56,Yes,81.25,4620.4
0,4731,72,Yes,115.5,8312.75
0,4732,5,Yes,104.1,541.9
0,4733,11,Yes,79,929.3
1,4734,24,No,39.1,971.3
1,4735,15,Yes,94.65,1285.05
0,4736,72,Yes,20.8,1521.2
0,4737,56,Yes,59.5,3389.25
1,4738,64,Yes,20.05,1198.05
0,4739,34,Yes,100.45,3414.65
0,4740,2,Yes,76.5,162.45
0,4741,35,Yes,20.6,754
0,4742,22,Yes,20.3,467.15
0,4743,5,Yes,49.2,216.9
0,4744,9,No,39.55,373
0,4745,11,Yes,23.15,245.2
0,4746,23,Yes,20.45,481.1
0,4747,4,Yes,80.85,302.75
0,4748,68,Yes,25.25,1728.2
0,4749,33,Yes,91.25,2964.05
0,4750,31,Yes,72.45,2156.25
0,4751,1,Yes,60.1,60.1
0,4752,56,Yes,19.7,1051.9
0,4753,1,Yes,78.95,78.95
0,4754,66,Yes,75.1,5013
0,4755,72,Yes,25,1738.9
1,4756,34,Yes,69.15,2275.1
0,4757,58,Yes,91.55,5511.65
0,4758,2,Yes,45.15,98.5
0,4759,37,No,35.8,1316.9
0,4760,71,Yes,113.15,7993.3
0,4761,1,Yes,19.85,19.85
1,4762,71,Yes,19.8,1388.45
0,4763,35,Yes,19.9,666
0,4764,6,Yes,19.7,94.45
0,4765,3,Yes,79.4,244.65
0,4766,69,Yes,59.1,4134.7
0,4767,44,No,53.95,2375.4
0,4768,53,Yes,91.15,4862.5
0,4769,24,Yes,99.3,2431.35
0,4770,5,Yes,68.95,351.5
0,4771,2,Yes,51.55,106.2
0,4772,62,Yes,24.4,1413
0,4773,19,Yes,96.8,1743.05
0,4774,9,Yes,70.05,657.5
0,4775,53,Yes,19.5,1050.5
0,4776,5,Yes,78.75,426.35
1,4777,71,Yes,69.2,4982.5
0,4778,1,Yes,19.55,19.55
0,4779,18,Yes,80.65,1451.9
0,4780,72,Yes,103.65,7634.8
0,4781,4,Yes,54.7,235.05
0,4782,59,Yes,54.15,3116.15
0,4783,1,Yes,71.1,71.1
1,4784,31,Yes,84.85,2633.4
0,4785,3,Yes,20,49.65
1,4786,65,Yes,106.25,6979.8
0,4787,49,Yes,99.25,4920.8
0,4788,2,Yes,19.35,46.35
0,4789,53,Yes,20.8,1021.8
0,4790,55,Yes,94.75,5276.1
0,4791,72,Yes,114.05,8289.2
1,4792,36,Yes,74.9,2659.45
0,4793,10,Yes,19.8,196.75
1,4794,1,Yes,94,94
0,4795,72,Yes,80.85,5824.75
0,4796,28,Yes,54.65,1517.5
0,4797,38,Yes,91.7,3479.05
0,4798,61,Yes,118.6,7365.7
0,4799,52,Yes,24.55,1331.05
0,4800,67,Yes,19.45,1195.95
0,4801,34,Yes,116.15,3946.9
0,4802,54,Yes,80.6,4299.95
0,4803,1,Yes,20.3,20.3
1,4804,15,Yes,89.85,1424.95
0,4805,4,Yes,46,193.6
0,4806,9,Yes,66.25,620.55
0,4807,46,Yes,99.8,4391.25
0,4808,22,Yes,90,1993.8
0,4809,38,Yes,70.45,2597.6
0,4810,55,Yes,75,4213.9
0,4811,1,Yes,19.9,19.9
1,4812,64,Yes,80.3,5017.7
0,4813,53,Yes,19.75,1052.35
0,4814,58,Yes,84.3,4916.4
0,4815,56,No,54.05,2959.8
0,4816,72,Yes,104.9,7559.55
0,4817,1,Yes,53.95,53.95
1,4818,72,Yes,97.25,7133.1
0,4819,22,Yes,83.05,1799.3
1,4820,8,Yes,105.5,829.55
0,4821,16,Yes,81,1312.15
0,4822,39,No,41.1,1597.05
0,4823,12,Yes,45,524.35
0,4824,54,Yes,74.55,4191.45
0,4825,18,No,40.2,711.95
0,4826,32,Yes,70.5,2201.75
0,4827,41,Yes,19.75,806.95
0,4828,67,Yes,24.65,1620.45
0,4829,65,Yes,104.25,6812.95
0,4830,25,Yes,78.35,1837.9
0,4831,1,Yes,69.8,69.8
0,4832,67,Yes,109.7,7344.45
1,4833,7,Yes,73.75,545.15
1,4834,43,No,33.45,1500.25
0,4835,24,Yes,94.6,2283.15
1,4836,9,Yes,54.55,494.05
0,4837,69,Yes,20.2,1376.5
0,4838,37,Yes,20.3,755.4
0,4839,20,No,39.4,825.4
0,4840,7,Yes,69.15,488.65
1,4841,37,Yes,76.25,2841.55
0,4842,5,Yes,93.9,486.85
0,4843,41,No,51.35,2075.1
0,4844,54,Yes,100.05,5299.65
1,4845,3,Yes,70.4,204.7
1,4846,69,Yes,20.3,1356.3
0,4847,53,Yes,94.45,5042.75
0,4848,18,No,46.4,812.4
0,4849,64,Yes,104.05,6605.55
0,4850,31,Yes,91.15,2995.45
0,4851,20,No,24.9,505.95
0,4852,57,Yes,59.6,3509.4
1,4853,63,Yes,108.5,6991.9
0,4854,13,No,40.55,590.35
1,4855,48,Yes,58.95,2789.7
0,4856,2,Yes,70.95,137.95
0,4857,57,Yes,20.75,1123.15
0,4858,71,Yes,113.15,7953.25
0,4859,7,Yes,48.8,349.8
0,4860,16,Yes,63.05,1067.05
0,4861,34,Yes,100.85,3527.3
0,4862,37,Yes,99.5,3762
0,4863,16,Yes,80.55,1248.9
0,4864,48,Yes,64.4,3035.35
0,4865,58,Yes,75.2,4300.8
0,4866,72,Yes,84.9,6065.3
0,4867,7,Yes,19.3,144.95
0,4868,38,Yes,83.9,3233.6
1,4869,48,Yes,117.45,5438.9
0,4870,10,Yes,104.4,1081.45
0,4871,30,Yes,74.65,2308.6
0,4872,31,Yes,59.05,1882.8
1,4873,46,Yes,69.1,3255.35
0,4874,50,Yes,20.55,1067.65
0,4875,28,Yes,76.55,2065.4
0,4876,66,No,62.5,4136.4
1,4877,8,No,29.4,221.9
0,4878,41,Yes,94.9,3848
1,4879,72,Yes,111.65,8022.85
0,4880,7,Yes,19.9,173.15
0,4881,38,Yes,20.45,781.25
0,4882,44,Yes,106.05,4510.8
0,4883,47,Yes,113.45,5317.8
0,4884,53,Yes,92.55,4779.45
0,4885,4,Yes,65.6,250.1
1,4886,20,Yes,84.35,1745.2
0,4887,2,Yes,44.65,74.9
1,4888,57,Yes,71.1,4140.1
1,4889,44,Yes,85.15,3670.5
0,4890,24,Yes,49.7,1167.8
0,4891,15,No,30.2,469.65
0,4892,3,No,25.25,58.9
0,4893,4,Yes,84.05,333.55
1,4894,37,Yes,85.7,3171.15
0,4895,1,Yes,74.7,74.7
0,4896,24,Yes,56.35,1381.2
0,4897,5,Yes,90.8,455.5
0,4898,33,Yes,107.55,3645.5
0,4899,58,Yes,19.85,1158.85
0,4900,72,Yes,95.9,6954.15
0,4901,71,Yes,23.85,1672.1
1,4902,28,Yes,106.15,3152.5
0,4903,51,Yes,83.85,4307.1
0,4904,30,Yes,85.35,2530.4
1,4905,72,Yes,84.8,6141.65
1,4906,36,Yes,90.85,3186.7
0,4907,14,Yes,76.1,1054.8
0,4908,72,Yes,74.55,5430.65
0,4909,22,No,39.2,849.9
0,4910,2,Yes,79.55,151.75
0,4911,15,Yes,19.6,299.4
0,4912,51,Yes,19.55,1086.75
0,4913,70,No,39.15,2692.75
0,4914,71,Yes,20.1,1389.6
0,4915,39,Yes,99.95,3767.4
0,4916,61,Yes,59.8,3641.5
0,4917,52,Yes,49.75,2535.55
0,4918,1,No,35.75,35.75
0,4919,64,Yes,108.5,6880.85
0,4920,62,Yes,60.15,3753.2
0,4921,30,Yes,19.05,637.55
1,4922,4,Yes,46,181.6
1,4923,63,Yes,84,5329.55
0,4924,1,Yes,44.55,44.55
0,4925,15,Yes,103.45,1539.8
0,4926,27,Yes,80.65,2209.75
0,4927,4,No,57.2,223.75
0,4928,72,Yes,110.75,7751.7
1,4929,45,Yes,24.7,1174.35
1,4930,45,Yes,97.05,4385.05
0,4931,36,Yes,76.35,2606.35
0,4932,17,Yes,89.4,1539.45
0,4933,1,Yes,18.9,18.9
1,4934,16,Yes,74.45,1261.35
0,4935,3,Yes,19.8,58.15
0,4936,4,Yes,50.9,225.6
0,4937,71,Yes,84.4,5969.3
0,4938,10,Yes,24.4,253.9
0,4939,20,Yes,20.05,400
0,4940,4,Yes,81,340.85
0,4941,26,Yes,98.35,2515.3
0,4942,4,Yes,55.5,227.35
0,4943,5,No,51,305.95
0,4944,4,Yes,91.65,365.4
1,4945,29,Yes,84.3,2357.75
0,4946,2,Yes,100.2,198.5
0,4947,29,Yes,19.4,554.25
0,4948,1,Yes,90.85,90.85
0,4949,1,Yes,69.4,69.4
1,4950,8,Yes,94.45,742.95
0,4951,13,Yes,20.4,251.65
0,4952,59,Yes,94.75,5597.65
0,4953,1,Yes,20.15,20.15
1,4954,50,Yes,95.7,4816.7
0,4955,18,Yes,44.35,768.05
0,4956,17,Yes,74.55,1215.8
0,4957,47,Yes,73.6,3522.65
0,4958,26,Yes,74.95,1834.95
0,4959,6,No,47.95,305.1
0,4960,19,Yes,50.1,910.45
0,4961,3,Yes,63.6,155.65
1,4962,68,No,53,3656.25
0,4963,2,Yes,19.85,52
0,4964,7,No,24.35,150.85
0,4965,18,Yes,19.55,389.25
0,4966,71,Yes,25.05,1873.7
1,4967,13,Yes,93.8,1261
0,4968,3,No,36.85,108.7
0,4969,72,Yes,103.75,7346.2
0,4970,66,No,56.75,3708.4
0,4971,24,Yes,20.8,469.65
0,4972,1,Yes,44.1,44.1
0,4973,56,Yes,24.45,1385.85
1,4974,22,Yes,25.6,548.8
0,4975,14,No,50.75,712.75
1,4976,61,Yes,104.4,6405
1,4977,40,No,39.3,1637.4
0,4978,42,Yes,59.65,2536.55
0,4979,72,Yes,83.3,6042.7
0,4980,12,Yes,79.55,958.25
0,4981,71,Yes,24.45,1730.65
0,4982,26,Yes,19.2,459.6
0,4983,7,No,29.8,201.95
0,4984,6,Yes,45.5,285.2
0,4985,58,Yes,106.45,6145.85
0,4986,51,No,30.05,1529.45
0,4987,72,No,65.65,4664.5
0,4988,18,Yes,96.05,1740.7
0,4989,7,Yes,75.1,552.95
0,4990,47,Yes,74.05,3496.3
1,4991,2,Yes,44.7,93.7
1,4992,62,Yes,110.75,7053.35
0,4993,16,Yes,19.7,301.55
0,4994,6,Yes,49.5,312.7
0,4995,19,Yes,55,1046.5
0,4996,69,No,43.95,2960.1
0,4997,11,Yes,74.35,834.2
0,4998,64,Yes,111.15,6953.4
0,4999,39,Yes,104.7,4134.85
0,5000,15,Yes,55.7,899.8
0,5001,25,Yes,20.6,541.5
0,5002,6,Yes,19.65,116.85
0,5003,66,Yes,115.8,7942.15
0,5004,61,Yes,88.65,5321.25
1,5005,43,Yes,94.5,4156.8
0,5006,12,Yes,20.1,223.6
1,5007,23,No,34.65,768.45
1,5008,71,No,52.3,3765.05
0,5009,34,Yes,65,2157.5
0,5010,5,Yes,19.85,108.05
0,5011,41,No,35.45,1391.65
0,5012,72,Yes,19.7,1379.8
1,5013,14,Yes,95.6,1273.3
0,5014,41,Yes,19.85,810.45
0,5015,23,Yes,81.85,1810.85
0,5016,71,Yes,109.3,7782.85
0,5017,1,Yes,70.3,70.3
0,5018,72,Yes,25.4,1797.1
0,5019,6,Yes,69.8,377.85
0,5020,23,Yes,20,445.3
1,5021,10,Yes,85.55,851.75
0,5022,72,Yes,109.9,7624.2
0,5023,7,Yes,50.3,355.1
0,5024,6,Yes,94.5,575.45
0,5025,9,Yes,101.5,906.85
0,5026,12,Yes,89.15,1057.55
0,5027,1,Yes,19.4,19.4
1,5028,48,No,29.9,1388.75
0,5029,20,Yes,78.8,1641.3
1,5030,16,Yes,85.35,1375.15
0,5031,2,Yes,79.65,152.7
0,5032,10,Yes,19.3,185.2
1,5033,2,Yes,79.6,195.05
0,5034,20,Yes,96.8,1826.7
0,5035,20,Yes,20.65,417.5
0,5036,19,Yes,19.8,344.5
1,5037,19,Yes,90.6,1660
0,5038,22,Yes,104.6,2180.55
0,5039,35,Yes,80.05,2835.9
0,5040,1,Yes,45.15,45.15
0,5041,39,Yes,73.15,2730.85
1,5042,54,Yes,99.1,5437.1
0,5043,1,Yes,20.2,20.2
0,5044,66,Yes,106.05,6981.35
0,5045,56,Yes,105.35,5794.45
0,5046,18,Yes,45.65,747.2
0,5047,16,Yes,79.95,1267.95
0,5048,68,Yes,54.45,3674.95
1,5049,53,Yes,25.1,1275.6
0,5050,72,Yes,84.7,5893.9
0,5051,9,Yes,75.85,724.65
0,5052,30,Yes,48.8,1536.75
0,5053,36,Yes,99.15,3615.6
0,5054,18,No,35.2,607.3
1,5055,55,Yes,76.25,4154.55
0,5056,39,No,55.9,2184.35
0,5057,21,Yes,82.35,1852.85
0,5058,2,No,40.4,77.15
1,5059,33,Yes,24.9,847.8
0,5060,44,No,54.3,2390.45
0,5061,30,Yes,66.3,1923.5
0,5062,71,Yes,20.9,1493.2
0,5063,4,Yes,75.35,338.1
0,5064,35,Yes,85.15,3030.6
0,5065,1,Yes,75.35,75.35
1,5066,23,Yes,104.45,2184.85
0,5067,22,No,49.45,1031.4
0,5068,49,Yes,19.45,921.3
0,5069,42,Yes,92.15,3875.4
0,5070,33,Yes,93.8,3124.5
0,5071,7,Yes,19.85,144.15
0,5072,67,Yes,100.25,6689
0,5073,15,Yes,95.7,1451.1
0,5074,67,Yes,93.15,6368.2
0,5075,53,Yes,69.7,3729.6
0,5076,21,Yes,19.8,350.1
0,5077,40,Yes,71.35,2847.2
0,5078,22,Yes,20.75,452.35
0,5079,39,No,40.6,1494.5
0,5080,45,Yes,20.4,930.45
0,5081,2,Yes,20.35,41.85
0,5082,57,Yes,19.75,1272.05
0,5083,8,Yes,54.4,475.1
1,5084,7,Yes,94.7,673.1
0,5085,6,No,30.5,208.7
0,5086,7,Yes,20.45,150.75
0,5087,49,Yes,66.15,3199
0,5088,65,Yes,89.85,5844.65
0,5089,55,Yes,45.05,2462.6
0,5090,71,Yes,86.85,6263.8
0,5091,35,Yes,96.75,3403.4
1,5092,3,Yes,77,237.75
0,5093,11,Yes,20.1,221.35
0,5094,1,Yes,75.3,75.3
0,5095,17,Yes,106.65,1672.1
0,5096,72,Yes,110.15,7881.2
0,5097,28,Yes,82.85,2320.8
0,5098,18,Yes,20.1,370.5
1,5099,40,Yes,99.2,4062.2
0,5100,52,Yes,59.45,3043.7
0,5101,47,Yes,58.6,2723.4
0,5102,23,Yes,49.7,1081.25
0,5103,66,Yes,65.85,4097.05
0,5104,8,Yes,73.5,632.2
1,5105,47,Yes,85.5,4042.3
0,5106,7,Yes,20.05,164.85
0,5107,71,Yes,113.65,8166.8
1,5108,50,Yes,83.4,4113.7
0,5109,46,Yes,65.65,3047.15
0,5110,1,Yes,70.4,70.4
0,5111,66,No,61.35,4193.4
0,5112,42,Yes,85.9,3729.75
0,5113,5,Yes,75.65,399.45
0,5114,7,Yes,49.75,331.3
0,5115,29,Yes,70.9,1964.6
0,5116,27,Yes,49.85,1336.15
1,5117,15,Yes,75.3,1147.45
0,5118,25,Yes,20.1,486.05
0,5119,11,Yes,94,1078.9
0,5120,57,Yes,103.05,5925.75
0,5121,67,Yes,118.35,7804.15
1,5122,47,Yes,99.7,4747.2
0,5123,13,Yes,81.9,1028.9
0,5124,8,No,30.45,226.45
0,5125,44,Yes,96.1,4364.1
0,5126,71,Yes,66.2,4692.55
1,5127,24,Yes,104.25,2433.9
1,5128,15,Yes,80.2,1217.25
0,5129,1,Yes,19.75,19.75
1,5130,2,Yes,72.6,154.3
1,5131,55,Yes,116.5,6382.55
1,5132,71,Yes,106.8,7623.2
0,5133,50,Yes,24.95,1261.45
0,5134,1,Yes,89.25,89.25
0,5135,5,Yes,19.25,86.05
0,5136,66,Yes,104.55,6779.05
0,5137,49,Yes,87.2,4345
1,5138,3,No,30.75,82.85
0,5139,66,Yes,25.7,1714.55
0,5140,11,Yes,86.2,893.2
0,5141,28,No,30.1,810.85
0,5142,65,Yes,99.35,6347.55
0,5143,62,Yes,19.2,1123.65
0,5144,2,Yes,20.1,43.15
0,5145,2,Yes,20.35,35.1
0,5146,55,Yes,25.65,1388
1,5147,41,Yes,94.55,3851.45
0,5148,17,Yes,104.2,1743.5
0,5149,30,Yes,94.4,2638.1
0,5150,17,Yes,56.1,946.95
0,5151,16,Yes,68.25,1114.85
0,5152,72,Yes,24.75,1777.6
0,5153,9,Yes,76.25,684.85
0,5154,1,Yes,74.35,74.35
0,5155,23,Yes,54.15,1312.45
0,5156,8,Yes,19.45,159.2
0,5157,19,No,34.95,610.2
0,5158,7,Yes,53.65,404.35
1,5159,1,Yes,69.65,69.65
0,5160,61,Yes,104,6363.45
0,5161,57,Yes,70.35,4124.65
0,5162,9,Yes,80.8,713.1
0,5163,15,Yes,64.85,950.75
0,5164,1,Yes,19.65,19.65
0,5165,12,Yes,45.9,505.95
0,5166,54,Yes,20,1149.65
0,5167,4,Yes,44.8,169.65
0,5168,7,Yes,80.3,526.7
0,5169,20,Yes,20.35,393.15
0,5170,26,No,45.8,1147
1,5171,36,Yes,84.1,3021.6
0,5172,53,Yes,108.95,5718.2
0,5173,3,Yes,69.35,191.35
0,5174,68,No,64.35,4539.6
0,5175,72,Yes,90.8,6397.6
0,5176,12,Yes,24.95,280.4
1,5177,34,Yes,79.6,2718.3
0,5178,68,Yes,84.7,5711.05
0,5179,50,Yes,70.8,3478.15
1,5180,1,No,36.45,36.45
1,5181,41,Yes,104.4,4133.95
1,5182,30,Yes,101.5,2917.65
0,5183,1,Yes,54.3,54.3
1,5184,29,Yes,103.95,2964.8
0,5185,23,Yes,91.1,2198.3
0,5186,60,Yes,19.95,1189.9
0,5187,72,Yes,26.45,1914.5
0,5188,22,Yes,89.4,2001.5
0,5189,72,Yes,75.1,5336.35
1,5190,66,Yes,108.1,7238.6
0,5191,72,Yes,110.15,7998.8
1,5192,47,Yes,80.35,3825.85
0,5193,51,Yes,111.5,5703.25
0,5194,70,Yes,106.5,7397
0,5195,9,Yes,19.9,164.6
0,5196,59,Yes,111.1,6555.2
0,5197,3,Yes,70.7,225.65
1,5198,38,No,24.85,955.75
0,5199,37,Yes,91.2,3382.3
0,5200,37,Yes,65.6,2313.8
1,5201,24,No,40.65,933.3
0,5202,14,Yes,59.45,780.85
0,5203,72,Yes,109.95,7852.4
0,5204,53,No,60.45,3184.25
0,5205,8,Yes,84.9,764.95
0,5206,72,No,38.5,2763
1,5207,17,Yes,92.55,1614.7
0,5208,2,Yes,73.55,145.4
0,5209,8,Yes,20.15,156.25
0,5210,48,No,34.7,1604.5
0,5211,10,Yes,24.5,270.15
0,5212,1,Yes,20.6,20.6
0,5213,29,Yes,58,1734.5
1,5214,65,Yes,107.45,7047.5
0,5215,8,Yes,65.5,573.15
0,5216,61,Yes,25.45,1538.6
1,5217,45,Yes,100.15,4459.8
0,5218,72,Yes,104.45,7459
0,5219,12,Yes,21.15,306.05
0,5220,7,Yes,96.2,639.7
0,5221,9,Yes,44.4,348.15
1,5222,43,Yes,107.55,4533.9
0,5223,58,Yes,94.35,5563.65
1,5224,16,Yes,98.75,1587.55
0,5225,2,Yes,20.3,40.25
0,5226,8,Yes,101.15,842.9
0,5227,40,Yes,105.75,4228.55
0,5228,9,Yes,81.15,784.45
0,5229,41,Yes,89.55,3729.75
0,5230,26,Yes,54.75,1406.9
0,5231,33,Yes,53.75,1857.3
0,5232,68,Yes,105.75,7322.5
1,5233,65,Yes,105.85,6725.5
0,5234,55,Yes,64.2,3627.3
0,5235,20,Yes,88.7,1761.45
0,5236,19,Yes,87.7,1725.95
0,5237,45,Yes,89.3,4192.15
0,5238,70,Yes,20.15,1411.2
0,5239,2,Yes,79.75,164.5
0,5240,27,Yes,94.55,2724.6
0,5241,12,Yes,20.05,264.55
0,5242,72,No,67.2,4671.7
0,5243,12,Yes,94.55,1173.55
1,5244,5,Yes,69.05,318.5
1,5245,71,Yes,107.5,7713.55
1,5246,35,Yes,73,2471.25
0,5247,70,Yes,114.75,7842.3
0,5248,31,Yes,76.05,2227.8
0,5249,52,Yes,96.25,4990.25
1,5250,37,Yes,101.1,3744.05
0,5251,69,Yes,104.7,7220.35
1,5252,30,Yes,77.9,2351.45
0,5253,33,Yes,90.65,2989.6
1,5254,54,Yes,110.45,6077.75
0,5255,59,Yes,68.7,4070.95
1,5256,55,No,44.85,2479.05
1,5257,69,No,29.8,2134.3
0,5258,66,Yes,88.9,6000.1
0,5259,37,Yes,58.75,2203.1
1,5260,9,Yes,19.85,183.15
0,5261,69,Yes,86.9,6194.1
0,5262,10,Yes,59.65,638.95
0,5263,40,Yes,55.25,2139.2
0,5264,13,Yes,66.4,831.75
0,5265,6,Yes,90.1,521.3
0,5266,69,Yes,20.15,1337.5
1,5267,66,Yes,108.1,7181.95
0,5268,11,Yes,53.75,608
0,5269,46,Yes,56.9,2560.1
0,5270,6,Yes,89.3,577.6
0,5271,56,Yes,109.6,5953
0,5272,70,Yes,25.15,1790.15
0,5273,33,Yes,79.15,2531.4
0,5274,72,Yes,66.75,4760.3
0,5275,3,Yes,95.2,292.85
0,5276,19,Yes,48.8,953.65
1,5277,5,No,45.7,198
0,5278,71,Yes,80.7,5705.05
0,5279,8,Yes,74.5,609.9
0,5280,1,Yes,20.55,20.55
0,5281,1,Yes,79.65,79.65
0,5282,61,Yes,115.1,6993.65
0,5283,71,No,59.7,4122.65
0,5284,68,Yes,86.45,5762.95
0,5285,46,No,33.7,1537.85
0,5286,33,Yes,80.1,2603.3
0,5287,53,Yes,104.05,5566.4
1,5288,50,Yes,108.75,5431.9
0,5289,57,No,41.1,2258.25
0,5290,54,Yes,20.35,1092.35
1,5291,60,Yes,105.9,6401.25
1,5292,28,Yes,101.3,2812.2
0,5293,1,Yes,80.05,80.05
0,5294,29,Yes,89.2,2698.35
0,5295,10,Yes,65.5,616.9
0,5296,43,No,40.45,1912.85
1,5297,13,Yes,70.45,849.1
0,5298,43,Yes,78.8,3460.3
0,5299,19,Yes,83.65,1465.75
0,5300,1,Yes,90.1,90.1
0,5301,69,Yes,82.45,5555.3
0,5302,61,Yes,20.25,1278.8
0,5303,43,Yes,66.25,2907.35
0,5304,6,Yes,19.5,146.3
0,5305,1,Yes,51.25,51.25
0,5306,56,Yes,89.7,4952.95
0,5307,70,No,64.55,4504.9
0,5308,1,Yes,45.6,45.6
0,5309,49,Yes,93.65,4520.15
0,5310,6,Yes,49.65,267.35
0,5311,32,Yes,73.6,2316.85
1,5312,72,Yes,109.75,8075.35
0,5313,37,Yes,61.45,2302.35
0,5314,69,Yes,106.4,7251.9
0,5315,26,Yes,81.9,2078.55
0,5316,58,Yes,105.2,6225.4
0,5317,24,Yes,54.6,1242.25
0,5318,5,Yes,20.55,99.45
0,5319,15,Yes,20,288.05
0,5320,30,Yes,19.7,599.25
0,5321,55,Yes,66.05,3462.1
0,5322,25,No,34,853
1,5323,10,Yes,92.5,934.1
0,5324,44,No,54.05,2375.2
0,5325,47,Yes,58.9,2813.05
0,5326,13,Yes,88.35,1222.8
0,5327,49,Yes,107.95,5293.2
0,5328,64,Yes,96.9,6314.35
0,5329,1,Yes,19.1,19.1
0,5330,20,Yes,50,1003.05
0,5331,37,No,45.4,1593.1
0,5332,30,Yes,85.45,2509.95
0,5333,38,Yes,84.1,3187.65
1,5334,1,Yes,74.45,74.45
0,5335,37,Yes,64.75,2345.2
0,5336,52,No,66.25,3330.1
0,5337,71,Yes,76.9,5522.7
0,5338,26,Yes,89.8,2335.3
0,5339,66,Yes,74.6,4798.4
0,5340,72,Yes,116.95,8594.4
0,5341,25,No,40.65,970.55
0,5342,69,Yes,114.35,7665.8
0,5343,53,Yes,69.7,3686.05
0,5344,12,Yes,95.5,1115.15
0,5345,26,Yes,98.65,2537
0,5346,21,Yes,61.65,1393.6
0,5347,1,Yes,89.35,89.35
0,5348,48,Yes,95.4,4445.3
0,5349,26,No,35.4,978.6
0,5350,60,Yes,19.95,1258.15
0,5351,18,Yes,19.25,331.35
1,5352,10,No,29.65,291.4
0,5353,5,Yes,84.5,453.75
0,5354,4,Yes,20.4,84.75
0,5355,65,Yes,24.75,1715.1
0,5356,70,Yes,25.35,1715.15
0,5357,18,Yes,90.7,1597.25
0,5358,62,Yes,20,1250.1
0,5359,66,Yes,59.75,3996.8
0,5360,65,Yes,82.5,5215.1
1,5361,3,Yes,70.3,235.5
0,5362,34,Yes,20.35,673.2
0,5363,16,Yes,90.8,1442.2
0,5364,54,Yes,103.95,5639.05
1,5365,50,Yes,104.95,5222.35
0,5366,71,Yes,105.25,7291.75
0,5367,10,Yes,74.75,799.65
0,5368,1,Yes,50.8,50.8
0,5369,18,Yes,23.75,424.5
0,5370,4,Yes,61.3,249.4
0,5371,58,Yes,75.8,4415.75
0,5372,56,Yes,98,5270.6
0,5373,2,Yes,80.25,144.55
0,5374,32,Yes,78.9,2447.95
0,5375,56,No,52,2884.9
0,5376,36,Yes,84.75,3050.15
0,5377,4,Yes,64.4,253
0,5378,53,Yes,85.45,4517.25
0,5379,10,Yes,45.8,436.2
0,5380,4,No,30.5,118.4
0,5381,1,Yes,19.9,19.9
0,5382,51,Yes,69.15,3649.6
1,5383,12,Yes,99.45,1200.15
0,5384,6,No,49.25,255.6
0,5385,63,No,39.35,2395.05
0,5386,1,Yes,70.6,70.6
0,5387,48,Yes,105.1,5083.55
0,5388,5,Yes,81,389.6
0,5389,35,Yes,20.1,644.5
0,5390,6,Yes,84.85,523.5
0,5391,2,Yes,19.75,39.3
0,5392,50,Yes,19.75,989.05
0,5393,33,Yes,70.4,2406.1
0,5394,31,Yes,20.45,638.55
0,5395,9,Yes,20.35,191.1
0,5396,54,Yes,86.2,4524.05
0,5397,46,Yes,95.65,4664.2
0,5398,34,Yes,103.8,3470.8
0,5399,71,Yes,97.2,6910.3
0,5400,63,Yes,63.55,4014.2
0,5401,51,Yes,24.95,1288
1,5402,26,Yes,89.15,2277.65
0,5403,64,Yes,99,6375.8
1,5404,1,No,24.8,24.8
1,5405,61,Yes,85.55,5251.75
0,5406,15,Yes,94,1505.45
0,5407,64,Yes,105.65,6903.1
0,5408,18,Yes,50.3,913.3
0,5409,57,Yes,95,5535.8
0,5410,14,Yes,61.4,815.55
1,5411,18,Yes,80.55,1411.65
1,5412,72,Yes,78.5,5602.25
0,5413,70,Yes,114.3,8244.3
0,5414,38,Yes,20.05,741.5
0,5415,68,Yes,62.65,4375.8
0,5416,13,Yes,80.85,1008.7
1,5417,65,Yes,92.7,5968.4
0,5418,30,Yes,100.45,3096.9
0,5419,51,Yes,75.2,3901.25
0,5420,31,Yes,84.75,2613.4
0,5421,9,Yes,89.45,853.1
0,5422,72,Yes,79.5,5661.7
0,5423,10,Yes,72.15,794.25
0,5424,37,Yes,19.8,695.05
0,5425,2,Yes,76.4,160.8
0,5426,55,Yes,100.9,5552.05
0,5427,33,Yes,95.3,3275.15
0,5428,46,Yes,90.95,4236.6
0,5429,1,Yes,54.5,54.5
1,5430,20,Yes,61.6,1174.35
0,5431,9,Yes,79.9,741.7
1,5432,32,Yes,96.15,3019.25
0,5433,19,Yes,49.6,962.9
0,5434,70,Yes,65.3,4759.75
0,5435,61,Yes,25,1498.35
0,5436,26,Yes,45.45,1233.15
0,5437,45,Yes,107.75,4882.8
0,5438,62,Yes,89.1,5411.65
0,5439,1,Yes,19.65,19.65
0,5440,3,Yes,44.75,148.05
0,5441,41,Yes,101.6,3930.55
0,5442,67,Yes,103.15,6895.5
0,5443,1,Yes,84.65,84.65
0,5444,71,Yes,95.65,6856.95
0,5445,37,Yes,75.1,2658.8
0,5446,60,Yes,61.35,3766.2
1,5447,1,Yes,69.55,69.55
0,5448,6,Yes,19.7,129.55
0,5449,13,No,31.05,347.25
0,5450,11,Yes,51,581.7
0,5451,7,Yes,51,354.05
0,5452,10,Yes,88.85,929.45
0,5453,34,Yes,20.05,679
0,5454,62,Yes,65.1,3846.75
0,5455,64,Yes,70.15,4480.7
0,5456,1,Yes,44.35,44.35
0,5457,25,Yes,20.75,499.4
0,5458,26,Yes,56.05,1553.2
0,5459,10,Yes,19.95,219.5
0,5460,53,Yes,98.6,5311.85
0,5461,7,Yes,79.7,586.05
0,5462,33,Yes,79,2576.8
1,5463,71,Yes,89.45,6435.25
0,5464,29,Yes,74.2,1993.25
0,5465,24,Yes,81,1923.85
0,5466,20,Yes,49.6,939.8
0,5467,1,Yes,84.6,84.6
0,5468,54,Yes,55,3092.65
1,5469,5,Yes,84.85,415.55
0,5470,72,Yes,84.2,5986.55
0,5471,52,Yes,106.3,5487
0,5472,9,Yes,69.05,651.5
0,5473,1,Yes,45.4,45.4
1,5474,1,Yes,73.65,73.65
0,5475,33,Yes,73.9,2405.05
0,5476,55,Yes,77.75,4458.15
0,5477,69,Yes,99.35,6856.45
0,5478,1,Yes,50.75,50.75
0,5479,54,Yes,87.1,4735.2
0,5480,33,Yes,20.15,682.15
1,5481,45,Yes,98.7,4525.8
0,5482,11,No,25.2,321.05
0,5483,6,Yes,55.7,335.65
0,5484,21,Yes,65.35,1424.4
0,5485,65,Yes,25.3,1748.55
1,5486,6,Yes,84.35,474.9
0,5487,8,Yes,84.95,668.4
0,5488,11,Yes,73.85,926.25
0,5489,43,Yes,24.25,1077.95
0,5490,49,No,51.8,2541.25
1,5491,1,Yes,46,46
1,5492,15,Yes,79.4,1156.1
0,5493,60,Yes,60.5,3694.45
0,5494,17,No,25.1,382.8
1,5495,16,Yes,71.8,1167.8
0,5496,35,Yes,20.05,746.75
1,5497,44,Yes,88.4,3912.9
0,5498,12,No,30.25,368.85
0,5499,1,Yes,20.2,20.2
0,5500,28,Yes,59.9,1654.7
0,5501,70,Yes,25.15,1940.85
0,5502,5,Yes,46,221.7
0,5503,18,Yes,101.3,1794.65
0,5504,70,Yes,76.95,5289.8
0,5505,9,Yes,55.3,501.2
1,5506,67,Yes,92.45,6140.85
0,5507,1,Yes,48.45,48.45
0,5508,18,Yes,19.35,309.25
0,5509,4,Yes,51.75,201.1
1,5510,71,Yes,86.7,6179.35
0,5511,30,Yes,94.4,2838.7
0,5512,1,Yes,55.7,55.7
0,5513,55,Yes,84.25,4589.85
0,5514,59,Yes,64.65,3735.45
0,5515,1,Yes,70.15,70.15
0,5516,7,Yes,69.2,477.55
0,5517,45,Yes,54.65,2553.7
0,5518,54,Yes,24.75,1342.15
0,5519,51,Yes,23.95,1216.35
1,5520,72,Yes,105,7578.05
0,5521,44,Yes,59.85,2603.95
0,5522,2,Yes,20.05,42.7
0,5523,66,Yes,92.15,6056.9
0,5524,68,No,44.8,2983.65
0,5525,31,Yes,20.9,689.35
1,5526,21,Yes,95.4,2025.1
0,5527,21,Yes,80.35,1747.2
0,5528,55,Yes,85.1,4657.95
0,5529,9,No,34.7,296.1
1,5530,71,Yes,115.05,8016.6
0,5531,1,Yes,81.1,81.1
0,5532,22,Yes,19.95,433.5
0,5533,1,Yes,20.55,20.55
0,5534,61,Yes,106.6,6428.4
0,5535,67,Yes,86.15,5883.85
1,5536,14,Yes,78.85,1043.8
0,5537,59,Yes,106.75,6252.9
1,5538,21,Yes,86.55,1857.25
0,5539,4,No,42.4,146.4
0,5540,3,Yes,89.45,240.45
0,5541,70,Yes,24.25,1724.15
0,5542,3,Yes,97.9,315.3
1,5543,21,Yes,20.5,429.55
0,5544,20,Yes,19.6,356.15
0,5545,22,Yes,20.25,488.25
0,5546,1,Yes,55.7,55.7
0,5547,63,Yes,20.6,1298.7
0,5548,70,Yes,19.8,1378.75
0,5549,13,Yes,79.8,973.45
0,5550,5,Yes,80.2,384.25
0,5551,72,Yes,116.4,8543.25
0,5552,13,No,31.65,389.95
0,5553,61,Yes,94.15,5731.85
0,5554,1,Yes,20.65,20.65
1,5555,56,Yes,76.85,4275.75
0,5556,4,Yes,20.15,84.5
0,5557,35,Yes,55.25,1924.1
0,5558,18,No,39.05,669.85
0,5559,72,Yes,82.15,5784.3
1,5560,49,Yes,103,5166.2
0,5561,44,Yes,95.1,4060.55
1,5562,3,Yes,83.9,267.4
0,5563,37,Yes,95.15,3532.85
0,5564,61,Yes,79.8,4914.8
0,5565,70,Yes,74.8,5315.8
1,5566,1,Yes,69.85,69.85
0,5567,41,Yes,20.45,775.6
0,5568,70,Yes,78.35,5445.95
0,5569,1,Yes,53.55,53.55
0,5570,51,Yes,19.1,1007.8
0,5571,42,Yes,20,833.55
0,5572,70,Yes,93.9,6579.05
0,5573,48,Yes,19.95,1004.5
0,5574,68,Yes,113.15,7856
0,5575,48,Yes,24,1183.05
1,5576,26,Yes,84.95,2169.75
0,5577,11,Yes,80.5,896.9
0,5578,1,Yes,19.3,19.3
0,5579,27,Yes,19.15,501.35
1,5580,46,Yes,91.3,4126.35
0,5581,1,Yes,49.65,49.65
0,5582,46,Yes,54.35,2460.15
0,5583,25,Yes,19.15,477.6
0,5584,4,Yes,88.45,370.65
0,5585,13,Yes,19.75,265.75
0,5586,31,Yes,75.5,2424.45
0,5587,23,Yes,83.75,1849.95
0,5588,2,Yes,19.4,61.05
0,5589,65,Yes,26.5,1698.55
1,5590,22,Yes,90.5,1910.6
0,5591,55,Yes,19.15,998.1
0,5592,9,Yes,94.85,890.6
0,5593,7,Yes,69.95,529.5
0,5594,35,No,40.9,1383.6
0,5595,6,Yes,80.25,493.4
0,5596,1,Yes,48.6,48.6
0,5597,17,Yes,70.8,1207
0,5598,10,Yes,60.2,563.5
0,5599,15,Yes,55.2,864.55
1,5600,40,No,55.8,2109.35
0,5601,13,Yes,54.15,701.05
0,5602,29,Yes,80.15,2265.25
0,5603,3,Yes,75.5,220.6
1,5604,58,Yes,100.4,5749.8
0,5605,45,Yes,62.55,2796.45
0,5606,72,Yes,70.45,5165.7
0,5607,68,Yes,85.5,5696.6
0,5608,1,Yes,20.2,20.2
0,5609,38,Yes,54.5,2076.05
0,5610,2,Yes,20.75,44.2
0,5611,11,Yes,20.35,215.25
1,5612,20,Yes,91,1859.5
0,5613,72,Yes,104.8,7470.1
0,5614,3,Yes,74.75,229.5
0,5615,23,Yes,104.05,2470.1
0,5616,40,Yes,51.1,2092.9
1,5617,62,Yes,89.8,5629.55
0,5618,22,Yes,20.55,469.85
0,5619,11,Yes,64.05,733.95
1,5620,7,Yes,74.85,485.25
0,5621,13,Yes,96.65,1244.5
1,5622,1,Yes,20.05,20.05
0,5623,39,Yes,103.45,3994.45
0,5624,3,No,25,78.25
0,5625,58,Yes,20.3,1131.5
0,5626,6,Yes,26.35,184.05
0,5627,1,Yes,19.9,19.9
0,5628,22,Yes,54.7,1178.75
0,5629,14,No,46.35,667.7
0,5630,64,Yes,90.25,5629.15
0,5631,1,Yes,19.95,19.95
0,5632,6,Yes,20.65,109.3
0,5633,1,Yes,79.6,79.6
0,5634,39,Yes,25.45,958.45
0,5635,20,Yes,19.5,403.15
0,5636,1,Yes,75.9,75.9
0,5637,1,Yes,76.2,76.2
0,5638,64,Yes,66.15,4392.5
0,5639,1,Yes,19.25,19.25
0,5640,46,Yes,69.1,3168
1,5641,28,No,39.1,1096.6
0,5642,33,Yes,20.05,669.45
0,5643,39,Yes,59.8,2343.85
0,5644,42,Yes,84.3,3588.4
0,5645,1,Yes,48.6,48.6
0,5646,7,Yes,79,522.95
1,5647,70,Yes,105.35,7511.9
0,5648,65,Yes,25.1,1725
0,5649,1,Yes,49.75,49.75
0,5650,18,Yes,94.75,1691.9
0,5651,24,Yes,93,2248.05
0,5652,63,Yes,71.9,4479.2
0,5653,44,Yes,77.55,3471.1
0,5654,4,Yes,19.85,63
0,5655,1,Yes,70.25,70.25
0,5656,37,Yes,95.25,3314.15
1,5657,10,Yes,84.6,865.55
0,5658,34,No,25.05,852.7
0,5659,35,No,53.15,1930.9
0,5660,4,Yes,20.15,91.4
1,5661,39,Yes,101.25,3949.15
1,5662,43,Yes,100.55,4304
0,5663,17,Yes,24.1,409.9
0,5664,61,Yes,25.3,1554.9
0,5665,49,Yes,71.8,3472.05
0,5666,4,Yes,19.7,117.8
0,5667,64,No,49.85,3210.35
0,5668,3,Yes,69.6,207.4
0,5669,1,Yes,19.75,19.75
0,5670,40,Yes,80.8,3132.75
0,5671,1,Yes,60,60
0,5672,8,Yes,86.55,649.65
1,5673,1,Yes,20.85,20.85
1,5674,34,Yes,64.2,2106.3
0,5675,1,No,35,35
0,5676,39,No,50.75,2011.4
1,5677,58,Yes,105.5,6205.5
0,5678,45,Yes,19.2,903.7
1,5679,6,Yes,85.15,503.6
0,5680,43,Yes,90.65,3882.3
0,5681,41,Yes,20,879.8
0,5682,5,Yes,74.65,383.65
0,5683,72,No,61.2,4390.25
0,5684,4,Yes,19.95,68.2
0,5685,9,Yes,54.8,452.8
1,5686,72,Yes,73.45,5329
0,5687,33,Yes,51.45,1758.9
0,5688,72,Yes,80.45,5737.6
0,5689,22,Yes,54.2,1152.7
0,5690,70,Yes,109.5,7674.55
0,5691,21,Yes,104.4,2157.95
0,5692,15,Yes,85.3,1219.85
1,5693,29,Yes,79.3,2414.55
0,5694,15,Yes,76.5,1155.6
1,5695,71,Yes,105.1,7548.1
1,5696,72,Yes,25.4,1809.35
0,5697,19,Yes,86.85,1564.4
0,5698,1,Yes,19.65,19.65
0,5699,1,Yes,75.7,75.7
0,5700,2,Yes,45.55,84.4
1,5701,11,Yes,78.1,864.85
0,5702,12,Yes,19.3,228.75
0,5703,70,Yes,110.5,7752.05
1,5704,20,Yes,90.8,1951
0,5705,23,Yes,20.3,470.6
1,5706,49,Yes,81.35,4060.9
0,5707,4,Yes,97.95,384.5
0,5708,32,Yes,108.15,3432.9
0,5709,2,Yes,55.3,108.65
1,5710,69,No,56.55,3952.65
0,5711,6,Yes,80.5,463.05
0,5712,24,Yes,19.7,494.05
0,5713,32,Yes,104.05,3416.85
0,5714,27,Yes,52.85,1498.65
1,5715,27,Yes,104.3,2867.75
0,5716,58,Yes,80.65,4807.35
0,5717,1,Yes,71.35,71.35
0,5718,18,Yes,24.65,471.35
0,5719,47,Yes,21.3,1041.8
0,5720,70,Yes,110.2,7689.8
0,5721,13,Yes,89.4,1132.35
0,5722,36,Yes,51.05,1815
0,5723,67,Yes,19.8,1311.3
0,5724,10,Yes,19.9,199.45
1,5725,19,Yes,87.3,1637.3
0,5726,71,Yes,19.85,1326.35
0,5727,72,Yes,89.4,6376.55
0,5728,48,Yes,20,935.9
0,5729,1,Yes,20.05,20.05
0,5730,18,Yes,83.25,1611.15
0,5731,1,Yes,20.6,20.6
1,5732,67,Yes,102.9,6989.7
0,5733,69,No,39.1,2779.5
0,5734,19,Yes,99.95,1931.75
1,5735,72,Yes,114.5,8331.95
1,5736,38,Yes,20.2,735.9
1,5737,40,Yes,55.8,2283.3
0,5738,61,Yes,24.2,1445.2
0,5739,10,Yes,81,818.05
0,5740,32,Yes,72.8,2333.05
0,5741,21,Yes,99.85,1992.55
1,5742,59,Yes,99.5,5890
1,5743,13,Yes,70.15,916.75
0,5744,47,Yes,20.25,1029.8
0,5745,69,Yes,26,1796.55
0,5746,2,Yes,19.9,33.7
0,5747,22,Yes,19.05,454.05
1,5748,15,Yes,96.5,1392.25
0,5749,53,Yes,19.85,1049.6
1,5750,28,Yes,25.7,734.6
0,5751,22,Yes,20.3,475.1
0,5752,1,Yes,70.15,70.15
1,5753,16,Yes,91.55,1540.05
0,5754,48,No,39.4,1978.65
1,5755,30,Yes,105.7,3181.8
0,5756,3,Yes,70.25,229.7
1,5757,57,Yes,93.75,5625.55
1,5758,68,Yes,96.55,6581.9
0,5759,23,Yes,60,1347.15
0,5760,65,Yes,59.8,3808.2
0,5761,44,Yes,90.65,3974.15
0,5762,71,Yes,109,7661.8
0,5763,37,Yes,68.1,2479.25
0,5764,12,Yes,20.4,266.6
0,5765,69,Yes,81.95,5601.4
0,5766,35,Yes,60.55,1982.6
0,5767,5,Yes,65.6,339.9
0,5768,58,Yes,82.5,4828.05
0,5769,72,Yes,82.3,5980.55
0,5770,72,Yes,68.15,4808.7
0,5771,1,Yes,20.3,20.3
0,5772,39,Yes,95.55,3692.85
0,5773,53,Yes,20.2,1068.15
0,5774,27,Yes,89.2,2383.6
1,5775,1,Yes,69.65,69.65
1,5776,1,Yes,89.3,89.3
0,5777,18,Yes,74.8,1438.05
0,5778,46,Yes,20.2,917.45
0,5779,72,Yes,84.4,6096.45
0,5780,36,Yes,87.55,3078.1
0,5781,4,No,25.15,99.95
0,5782,25,Yes,19.8,475.2
0,5783,40,No,50.85,2036.55
0,5784,63,Yes,102.4,6444.05
1,5785,15,Yes,96.3,1426.75
0,5786,14,Yes,55.5,767.55
1,5787,72,Yes,109.75,7932.5
0,5788,39,Yes,106.4,4040.65
0,5789,47,No,60,2768.65
0,5790,19,Yes,88.8,1672.35
0,5791,5,Yes,85.2,474.8
0,5792,13,No,35.1,446.1
0,5793,17,Yes,80.05,1345.65
1,5794,34,Yes,75.55,2425.4
0,5795,42,Yes,49.55,2077.95
0,5796,5,Yes,81.3,416.3
0,5797,71,Yes,23.9,1663.5
1,5798,19,Yes,66.4,1286.05
0,5799,2,Yes,19.6,35.85
0,5800,57,Yes,18.8,1094.35
0,5801,72,Yes,108.4,7719.5
0,5802,6,Yes,85.95,514.6
0,5803,17,Yes,85.45,1451.6
0,5804,61,Yes,80.9,4932.5
0,5805,1,Yes,71,71
0,5806,48,Yes,111.8,5443.65
0,5807,16,Yes,20.6,330.25
1,5808,9,Yes,85.05,746.5
0,5809,3,Yes,44.6,122.7
0,5810,1,Yes,44.4,44.4
0,5811,65,Yes,105.1,6631.85
0,5812,70,Yes,115.15,8250
0,5813,60,Yes,59.8,3561.15
0,5814,69,Yes,26.3,1763.55
1,5815,35,Yes,70.55,2419
0,5816,22,Yes,20.05,470.2
0,5817,66,Yes,79.85,5234.95
1,5818,1,Yes,70.3,70.3
0,5819,1,Yes,79.35,79.35
0,5820,34,Yes,90.05,3097
0,5821,72,Yes,24.45,1709.1
0,5822,31,No,59.95,1848.8
0,5823,30,Yes,25.35,723.3
0,5824,9,Yes,90.8,809.75
0,5825,20,Yes,70.45,1470.95
1,5826,19,No,34.3,577.15
0,5827,65,Yes,105.05,6914.95
0,5828,30,Yes,19.3,602.9
0,5829,6,Yes,19.15,124.4
0,5830,2,No,51.4,96.8
0,5831,53,Yes,71.85,3827.9
1,5832,7,Yes,75.4,533.05
0,5833,61,Yes,49.7,2961.4
1,5834,70,No,45.25,3264.45
0,5835,13,Yes,78.75,995.35
1,5836,35,Yes,81.6,2815.25
0,5837,2,Yes,70.4,154.8
0,5838,3,Yes,75.8,246.3
0,5839,3,Yes,76.1,257.6
0,5840,62,Yes,94,5757.2
0,5841,72,Yes,103.95,7517.7
0,5842,63,Yes,19.95,1234.8
1,5843,20,Yes,71.3,1389.2
1,5844,35,Yes,110.8,3836.3
1,5845,21,Yes,69.1,1474.75
0,5846,62,Yes,96.1,6001.45
0,5847,15,Yes,48.8,720.1
0,5848,55,Yes,50.55,2832.75
0,5849,11,Yes,44.65,472.25
0,5850,17,Yes,88.25,1460.65
0,5851,61,Yes,19.45,1336.35
0,5852,71,Yes,89.3,6388.65
0,5853,2,Yes,70,153.05
0,5854,35,Yes,19.25,677.9
0,5855,17,Yes,70.5,1165.6
0,5856,21,Yes,97.35,2119.5
0,5857,47,Yes,19.65,921.55
0,5858,3,Yes,20.85,72
0,5859,3,Yes,19.65,68.35
1,5860,44,Yes,19.35,847.25
0,5861,1,Yes,44,44
0,5862,44,Yes,94.4,4295.35
0,5863,5,Yes,25.9,135
0,5864,24,Yes,55.65,1400.55
0,5865,1,Yes,69.65,69.65
0,5866,18,Yes,75.4,1380.4
0,5867,10,Yes,100.6,1060.2
0,5868,65,Yes,71,4386.2
1,5869,1,Yes,86,86
0,5870,53,Yes,106.95,5785.5
0,5871,3,Yes,21.2,52.05
0,5872,33,Yes,61.05,2018.4
0,5873,3,No,29.6,79.45
0,5874,34,Yes,79.95,2727.3
0,5875,14,Yes,19.7,263.65
0,5876,13,Yes,20.3,275.4
1,5877,46,No,59.9,2816.65
0,5878,23,Yes,24.35,538.5
0,5879,47,Yes,19.75,948.9
0,5880,17,Yes,50.3,846.8
0,5881,49,Yes,95.6,4783.5
1,5882,59,No,50.25,2997.45
0,5883,69,Yes,85.35,5897.4
0,5884,11,No,41.6,470.6
0,5885,10,Yes,51.65,524.5
0,5886,12,Yes,24,269.65
0,5887,45,Yes,100.85,4740
0,5888,39,Yes,59.85,2341.5
1,5889,71,Yes,25.45,1789.65
0,5890,71,Yes,23.9,1626.4
0,5891,33,Yes,24.15,800.3
1,5892,67,Yes,75.7,5060.85
0,5893,37,No,40.2,1448.8
0,5894,49,Yes,84.5,4254.85
0,5895,9,Yes,50.85,466.6
0,5896,52,Yes,91.6,4627.8
0,5897,70,Yes,98.9,6838.6
0,5898,1,Yes,85,85
1,5899,14,Yes,78.95,1101.85
0,5900,1,Yes,44.3,44.3
0,5901,1,Yes,20.2,20.2
0,5902,52,Yes,80.2,4297.6
0,5903,6,Yes,60.9,414.1
0,5904,7,No,34.2,256.6
1,5905,47,Yes,85.2,3969.35
0,5906,26,Yes,87.15,2274.1
0,5907,25,Yes,54.3,1296.8
0,5908,69,Yes,19.1,1268.85
0,5909,72,Yes,112.75,8192.6
0,5910,4,Yes,19.95,59.25
0,5911,59,Yes,19.5,1147.85
0,5912,67,Yes,65.55,4361.55
1,5913,26,Yes,78.8,2006.1
0,5914,27,Yes,78.2,2078.95
0,5915,72,Yes,105.25,7609.75
0,5916,6,Yes,89.25,487.05
0,5917,62,Yes,20.65,1218.45
0,5918,20,Yes,68.7,1416.2
0,5919,6,Yes,78.65,483.3
0,5920,51,Yes,24.75,1234.6
0,5921,61,Yes,19.75,1311.6
1,5922,62,Yes,89.1,5618.3
0,5923,72,Yes,84.7,6185.15
1,5924,13,Yes,98,1237.85
0,5925,5,Yes,94.45,498.1
1,5926,3,Yes,105,294.45
1,5927,26,Yes,93.85,2381.55
1,5928,13,Yes,59.9,788.35
0,5929,38,Yes,19.95,756.4
1,5930,8,Yes,84,613.4
1,5931,34,Yes,108.9,3625.2
0,5932,18,No,33.6,550.35
0,5933,56,Yes,85.85,4793.8
0,5934,36,No,34.85,1267.2
0,5935,9,No,48.75,442.2
0,5936,1,Yes,84.85,84.85
0,5937,12,Yes,56.65,654.85
1,5938,57,Yes,95.3,5567.45
0,5939,42,Yes,73.9,3160.55
0,5940,33,Yes,24.5,740.3
0,5941,70,Yes,84.6,5706.2
0,5942,68,No,44.95,3085.35
0,5943,1,No,24.7,24.7
0,5944,37,Yes,100.3,3541.4
0,5945,4,Yes,25.45,84.2
0,5946,1,Yes,50.7,50.7
0,5947,20,No,55,1165.55
0,5948,72,Yes,68.4,4855.35
0,5949,31,Yes,89.9,2806.9
1,5950,18,Yes,78.55,1422.65
0,5951,11,Yes,55.05,608.15
0,5952,33,Yes,19.8,641.35
1,5953,62,Yes,84.45,4959.15
0,5954,1,No,35.9,35.9
0,5955,16,Yes,80.75,1321.3
0,5956,22,Yes,78.65,1663.75
0,5957,49,Yes,61.75,3024.15
0,5958,36,Yes,63.7,2188.5
0,5959,42,Yes,99.45,4138.05
1,5960,4,No,25.2,102.5
0,5961,12,Yes,74.05,872.65
0,5962,31,Yes,87.6,2724.25
0,5963,5,Yes,89.15,413.25
0,5964,66,Yes,20,1374.2
1,5965,15,Yes,55,757.1
0,5966,64,Yes,104.4,6692.65
0,5967,10,Yes,20.05,218.5
0,5968,7,Yes,89.75,608.8
0,5969,29,No,34.3,1004.75
0,5970,57,Yes,20.65,1125.6
0,5971,46,Yes,84.25,3847.6
0,5972,53,Yes,19.65,978
0,5973,17,Yes,79.85,1387.35
0,5974,38,Yes,20.2,746.05
0,5975,15,Yes,19.8,304.6
0,5976,22,No,50.35,1098.85
0,5977,14,Yes,85.15,1139.2
0,5978,57,Yes,74.6,4368.95
1,5979,11,Yes,79.15,827.7
0,5980,1,Yes,20.35,20.35
0,5981,12,Yes,21.05,262.05
1,5982,3,Yes,94.6,279.55
0,5983,36,Yes,94.7,3512.5
0,5984,16,Yes,94.25,1483.25
0,5985,65,Yes,72.45,4653.85
0,5986,2,Yes,74.95,151.75
0,5987,42,Yes,105.2,4400.75
0,5988,72,Yes,111.95,8033.1
0,5989,62,Yes,19.85,1253.65
0,5990,6,Yes,89.75,552.65
0,5991,48,Yes,20.05,1036
0,5992,35,Yes,108.95,4025.5
0,5993,52,Yes,19.65,928.4
0,5994,1,No,24.9,24.9
0,5995,6,Yes,82.85,460.25
0,5996,71,Yes,93.2,6506.15
0,5997,67,Yes,84.8,5598.3
1,5998,60,Yes,71.75,4374.55
0,5999,23,No,30.35,678.75
0,6000,39,No,54.85,2191.7
0,6001,15,Yes,19.5,239.75
1,6002,53,Yes,103.85,5485.5
0,6003,24,Yes,24.2,609.05
0,6004,37,Yes,19.35,683.75
0,6005,5,Yes,83.6,404.2
1,6006,50,Yes,100.65,5189.75
0,6007,54,Yes,94.1,5060.9
0,6008,3,Yes,74.55,233.65
0,6009,68,Yes,108.45,7176.55
0,6010,5,Yes,56.15,291.45
0,6011,33,Yes,20.35,689.75
0,6012,41,Yes,80.55,3263.9
0,6013,34,No,61.25,1993.2
0,6014,13,Yes,20.45,254.5
0,6015,20,Yes,18.9,347.65
1,6016,51,Yes,19.6,967.9
0,6017,3,Yes,91.5,242.95
0,6018,41,Yes,45.2,1841.9
0,6019,13,Yes,19.45,232.1
0,6020,35,Yes,25.45,809.25
0,6021,12,Yes,80.85,866.45
0,6022,4,Yes,94.9,360.55
0,6023,43,No,49.05,2076.2
1,6024,12,No,29.3,355.9
1,6025,68,Yes,105.3,7299.65
1,6026,25,Yes,88.95,2291.2
0,6027,7,Yes,20.25,129.15
1,6028,66,Yes,110.85,7491.75
0,6029,53,Yes,110.5,5835.5
1,6030,63,Yes,109.4,7031.45
0,6031,70,Yes,114.2,7723.9
1,6032,27,No,36.5,1032
0,6033,1,Yes,70.75,70.75
0,6034,5,Yes,19.95,109.6
1,6035,37,Yes,19.6,727.8
0,6036,3,No,40.15,130.75
0,6037,12,Yes,76.6,893
0,6038,38,Yes,19.6,763.1
0,6039,9,Yes,85.3,781.4
0,6040,13,Yes,65.85,902.25
1,6041,29,Yes,94.45,2653.65
0,6042,47,Yes,20.05,1016.7
0,6043,61,Yes,99.4,5943.65
0,6044,16,Yes,20,275.7
0,6045,41,Yes,78.45,3126.45
0,6046,43,Yes,25.1,1070.15
0,6047,36,Yes,97.35,3457.9
0,6048,6,Yes,55,340.4
0,6049,58,Yes,71.1,4299.2
0,6050,19,Yes,61.55,1093.2
0,6051,11,Yes,45.9,521.9
0,6052,39,No,40.3,1630.4
1,6053,8,Yes,87.1,713.6
0,6054,26,Yes,49.5,1265.65
1,6055,53,Yes,73.8,4003.85
0,6056,70,Yes,19.2,1401.4
0,6057,1,No,45.3,45.3
0,6058,59,Yes,25,1510.5
0,6059,2,Yes,94.95,178.1
0,6060,7,No,35.3,264.8
0,6061,12,Yes,44.55,480.6
0,6062,59,Yes,76.75,4541.9
0,6063,61,Yes,81,4976.15
0,6064,72,Yes,105.55,7542.25
0,6065,13,Yes,18.8,251.25
0,6066,64,Yes,24.9,1595.5
0,6067,1,No,23.45,23.45
0,6068,10,Yes,64.9,685.55
0,6069,65,Yes,61.35,3874.1
0,6070,62,Yes,113.95,6891.4
0,6071,55,Yes,90.15,4916.95
0,6072,25,Yes,54.1,1373
0,6073,1,No,29.7,29.7
0,6074,1,Yes,49.8,49.8
0,6075,59,Yes,101.1,6039.9
1,6076,64,Yes,24.4,1548.65
0,6077,36,Yes,95,3440.25
0,6078,3,Yes,50.65,151.3
0,6079,61,Yes,69.9,4226.7
0,6080,26,No,39.95,1023.75
0,6081,1,Yes,55.4,55.4
1,6082,1,Yes,90.6,90.6
0,6083,68,Yes,103.25,7074.4
1,6084,2,Yes,86.85,156.35
0,6085,72,Yes,94.25,6849.75
0,6086,71,No,47.05,3263.6
0,6087,57,Yes,20.55,1252.85
0,6088,4,Yes,19.65,67.55
1,6089,1,Yes,70.2,70.2
0,6090,72,Yes,81,5750
0,6091,21,Yes,75.9,1549.75
0,6092,71,Yes,24.7,1810.55
1,6093,29,Yes,99.05,2952.85
1,6094,69,Yes,110.25,7467.55
0,6095,64,Yes,85,5484.4
0,6096,16,Yes,19.75,294.9
0,6097,4,Yes,23.9,97.5
0,6098,52,Yes,111.25,5916.45
0,6099,2,Yes,55.1,113.35
0,6100,1,Yes,19.95,19.95
0,6101,18,No,25.15,476.8
0,6102,2,Yes,54.15,101.65
0,6103,19,Yes,59.8,1130.85
0,6104,40,Yes,83.85,3532.25
1,6105,66,Yes,104.9,6891.45
0,6106,21,Yes,75.3,1570.7
0,6107,8,Yes,66.65,520.95
0,6108,72,Yes,109.5,7854.9
0,6109,48,Yes,73.85,3581.4
0,6110,69,Yes,19.3,1447.9
0,6111,72,Yes,118.2,8547.15
0,6112,14,Yes,51.45,727.85
0,6113,6,Yes,59.45,357.6
0,6114,8,Yes,19.5,159.35
0,6115,17,Yes,19.55,280.85
0,6116,65,Yes,93.55,6069.25
0,6117,57,Yes,59.3,3274.35
0,6118,13,Yes,102.25,1359
1,6119,19,Yes,95.9,1777.9
0,6120,56,Yes,109.8,6109.65
0,6121,14,Yes,78.1,1122.4
0,6122,52,No,39.9,2020.9
0,6123,58,Yes,64.9,3795.45
1,6124,47,Yes,95.05,4504.55
0,6125,67,No,53.4,3579.15
0,6126,2,No,24.9,49.7
1,6127,6,Yes,44.7,276.5
0,6128,71,Yes,114,8175.9
0,6129,46,Yes,20.25,890.35
0,6130,5,Yes,53.85,259.8
1,6131,67,Yes,83.85,5588.8
0,6132,3,Yes,20.2,50.6
0,6133,3,Yes,19.95,58
1,6134,52,Yes,104.2,5568.35
0,6135,42,Yes,50.25,2203.65
0,6136,50,Yes,20.35,938.95
1,6137,23,Yes,90,2024.1
0,6138,67,No,54.2,3623.95
0,6139,25,Yes,99.5,2369.05
1,6140,39,Yes,99.1,3877.95
0,6141,69,Yes,66.9,4577.9
0,6142,1,No,25.85,25.85
0,6143,32,Yes,91.05,2871.5
0,6144,9,Yes,71,672.55
0,6145,16,Yes,93.2,1573.7
0,6146,60,Yes,20.95,1270.55
0,6147,72,Yes,109.2,7711.45
0,6148,5,Yes,19.35,126.05
1,6149,26,Yes,85.8,2193.65
0,6150,3,Yes,19.85,64.55
0,6151,2,Yes,19.65,31.2
0,6152,2,Yes,20.5,38.25
0,6153,36,Yes,89.65,3348.1
0,6154,7,Yes,74.35,533.6
1,6155,60,No,49.45,2907.55
0,6156,19,Yes,89.1,1620.8
1,6157,45,Yes,75.15,3480.35
1,6158,4,Yes,70.65,293.85
0,6159,31,Yes,104.2,3243.45
0,6160,47,Yes,90.05,4137.2
0,6161,1,Yes,79.25,79.25
0,6162,1,Yes,44.9,44.9
0,6163,1,Yes,19.4,19.4
1,6164,59,Yes,88.75,5348.65
0,6165,10,Yes,70.1,659.65
1,6166,35,Yes,91,3180.5
0,6167,4,No,29.65,118.5
0,6168,32,Yes,90.8,3023.85
0,6169,43,Yes,77.85,3365.85
0,6170,4,Yes,54.3,195.3
1,6171,54,Yes,18.95,1031.1
1,6172,11,Yes,95.15,997.65
1,6173,66,Yes,102.4,6471.85
0,6174,61,Yes,99.9,6241.35
0,6175,72,Yes,88.7,6501.35
0,6176,44,No,54.3,2317.1
0,6177,41,Yes,55.7,2237.55
0,6178,50,Yes,103.95,5231.3
0,6179,47,Yes,110.85,5275.8
0,6180,8,Yes,20.15,165.5
0,6181,18,Yes,20.05,358.5
0,6182,72,Yes,91.95,6614.9
0,6183,1,Yes,80.5,80.5
1,6184,42,Yes,55.65,2421.75
1,6185,18,Yes,74.7,1294.6
0,6186,13,Yes,104.15,1299.1
0,6187,68,Yes,83.65,5733.4
0,6188,4,Yes,72.2,305.55
0,6189,69,Yes,110.05,7430.75
0,6190,17,Yes,51.5,900.5
0,6191,25,Yes,25.5,630.6
1,6192,43,Yes,89.55,3856.75
0,6193,59,Yes,19.5,1222.65
1,6194,5,Yes,80.7,374.8
0,6195,21,Yes,77.5,1625
0,6196,69,Yes,105.1,7234.8
0,6197,13,No,25.15,331.85
0,6198,42,Yes,95.25,3959.35
0,6199,52,Yes,95.65,5088.4
1,6200,46,Yes,85,3969.4
0,6201,61,Yes,80.8,4860.85
0,6202,29,No,24.85,788.05
0,6203,25,Yes,54.75,1266.35
0,6204,5,Yes,85.75,470.95
0,6205,15,No,50.75,688.2
0,6206,19,Yes,20.15,387.7
0,6207,44,Yes,20.05,845.25
1,6208,6,Yes,98.25,560.6
0,6209,58,Yes,71.6,4230.25
0,6210,62,Yes,81.45,4983.05
0,6211,70,No,58.4,4113.15
1,6212,1,No,25.7,25.7
0,6213,10,No,53.7,521
0,6214,26,Yes,19.6,471.85
0,6215,66,Yes,89.4,5976.9
0,6216,7,Yes,69,506.9
0,6217,51,Yes,84.2,4299.75
0,6218,72,Yes,106.1,7548.6
0,6219,65,Yes,25.75,1654.75
0,6220,2,Yes,46.05,80.35
0,6221,70,Yes,64.95,4551.5
0,6222,72,Yes,85.45,6227.5
0,6223,1,Yes,20.05,20.05
1,6224,1,Yes,76.4,76.4
0,6225,5,Yes,100.5,514
0,6226,3,Yes,20.7,57.5
0,6227,58,Yes,25.3,1474.35
1,6228,22,No,40.05,880.2
1,6229,33,Yes,100.6,3270.25
0,6230,1,Yes,69.95,69.95
1,6231,54,Yes,74,3919.15
0,6232,72,Yes,99.4,7285.7
0,6233,1,Yes,93.3,93.3
0,6234,3,Yes,49.15,169.05
0,6235,72,Yes,107.45,7658.3
0,6236,72,Yes,83.6,5959.3
1,6237,54,Yes,99.05,5295.7
0,6238,59,Yes,80.1,4693.2
0,6239,54,Yes,65.3,3512.9
0,6240,60,Yes,89.55,5231.2
0,6241,60,No,60.8,3603.45
0,6242,3,Yes,74.5,217.45
0,6243,69,Yes,99.15,6875.35
0,6244,1,Yes,19.25,19.25
0,6245,50,No,39.45,2021.35
0,6246,56,No,44.85,2564.95
0,6247,60,Yes,97.2,5611.75
1,6248,69,Yes,110.55,7610.1
0,6249,1,No,35.05,35.05
1,6250,1,Yes,73,73
0,6251,3,Yes,19.9,45.75
0,6252,60,Yes,76.95,4543.95
0,6253,13,No,35.4,450.4
0,6254,62,Yes,20.45,1297.35
0,6255,45,Yes,96.75,4442.75
0,6256,25,No,54.2,1423.15
0,6257,44,Yes,100.1,4378.35
0,6258,2,Yes,45.25,74.2
1,6259,33,Yes,83.85,2716.3
0,6260,1,Yes,70.1,70.1
0,6261,22,Yes,20.85,450.65
0,6262,35,No,33.45,1175.85
0,6263,29,Yes,20.2,558.8
1,6264,27,Yes,85.9,2220.1
0,6265,54,Yes,61,3283.05
1,6266,2,Yes,70.65,142.35
0,6267,57,Yes,86.9,4939.25
0,6268,62,Yes,69.4,4237.5
0,6269,15,Yes,20.35,335.95
0,6270,2,Yes,20.35,33.2
0,6271,70,Yes,104.3,7188.5
0,6272,21,Yes,44.95,926.25
0,6273,23,Yes,49.45,1119.35
0,6274,6,Yes,20.6,116.6
0,6275,4,Yes,19.55,68.8
0,6276,3,Yes,99,287.4
0,6277,23,Yes,93.5,2341.55
0,6278,26,No,54.55,1362.85
0,6279,8,Yes,20.05,163.6
0,6280,26,Yes,83.95,2254.2
0,6281,2,Yes,79.45,145.15
0,6282,67,Yes,116.2,7752.3
0,6283,71,Yes,93.7,6585.35
0,6284,59,Yes,79.85,4786.1
0,6285,39,Yes,100,3835.55
0,6286,21,Yes,19.6,397
0,6287,1,Yes,19.7,19.7
0,6288,48,Yes,20.2,1027.25
1,6289,31,No,50.4,1580.1
0,6290,64,Yes,113.35,7222.75
0,6291,46,Yes,80,3769.7
0,6292,52,Yes,80.95,4233.95
0,6293,67,Yes,24.9,1680.25
1,6294,67,Yes,54.9,3725.5
0,6295,5,Yes,75.55,413.65
0,6296,71,Yes,109.25,7707.7
0,6297,9,Yes,77.65,714.15
1,6298,26,Yes,95,2497.2
0,6299,71,Yes,116.3,8309.55
0,6300,32,Yes,19.9,601.55
0,6301,2,Yes,70.35,139.25
0,6302,71,Yes,25.6,1888.25
0,6303,60,No,44.45,2773.9
1,6304,55,Yes,100.15,5409.75
0,6305,54,Yes,105.4,5643.4
0,6306,2,Yes,95.85,197.7
0,6307,6,Yes,73.85,401.3
0,6308,48,Yes,70.1,3238.4
0,6309,63,Yes,25.25,1573.05
0,6310,1,Yes,79.15,79.15
0,6311,12,Yes,21.05,235.8
1,6312,54,No,24.95,1364.75
0,6313,30,Yes,64.5,1985.15
0,6314,30,Yes,19.65,655.85
0,6315,4,Yes,79,303.15
0,6316,40,Yes,105.95,4335.2
0,6317,9,Yes,75.85,647.5
0,6318,17,Yes,91.85,1574.45
0,6319,62,No,43.6,2748.7
0,6320,28,Yes,91.25,2483.65
0,6321,70,Yes,89.75,6367.2
0,6322,46,Yes,104.4,4904.2
0,6323,23,Yes,90.15,2044.95
0,6324,47,No,40.3,1794.8
0,6325,68,Yes,105.25,7173.15
1,6326,60,Yes,106,6441.4
0,6327,67,Yes,104,7039.05
0,6328,14,Yes,69.65,921.4
0,6329,57,Yes,74.3,4018.35
0,6330,55,Yes,100.9,5448.6
0,6331,1,Yes,20.25,20.25
0,6332,1,Yes,49.9,49.9
0,6333,23,Yes,96.9,2085.45
0,6334,13,Yes,100.35,1358.85
0,6335,47,Yes,104.1,5135.15
0,6336,38,Yes,20.1,730.1
1,6337,38,Yes,74.95,2869.85
1,6338,2,Yes,56.55,118.25
1,6339,1,Yes,49.25,49.25
0,6340,15,Yes,68.6,1108.6
0,6341,26,Yes,69.05,1815.65
0,6342,35,Yes,19.7,730.4
0,6343,3,Yes,20.05,75.45
0,6344,50,Yes,103.7,5071.05
0,6345,42,Yes,94.4,4014.6
0,6346,10,Yes,54.95,568.85
0,6347,61,Yes,93.7,5860.7
0,6348,68,Yes,110.25,7279.35
0,6349,10,Yes,98.9,1064.95
0,6350,65,Yes,89.75,5769.6
0,6351,72,Yes,80.45,5886.85
0,6352,55,Yes,79.4,4238.45
0,6353,1,Yes,20.3,20.3
0,6354,7,Yes,62.8,418.3
0,6355,2,Yes,74.9,136.05
0,6356,9,Yes,74.85,708.2
0,6357,27,Yes,25.85,788.55
1,6358,7,Yes,101.95,700.85
0,6359,64,Yes,68.3,4378.8
0,6360,70,No,48.4,3442.8
1,6361,2,Yes,94,181.7
1,6362,67,Yes,105.05,7171.7
0,6363,45,Yes,89.3,4016.85
0,6364,24,Yes,25.15,553
0,6365,4,Yes,19.5,96.85
0,6366,44,Yes,92.95,4122.9
0,6367,72,Yes,20.7,1482.3
0,6368,1,Yes,74.3,74.3
0,6369,66,Yes,19.35,1240.8
0,6370,1,No,44.65,44.65
0,6371,13,Yes,84.05,1095.3
0,6372,10,Yes,80.7,788.8
1,6373,65,Yes,104.35,6578.55
0,6374,1,Yes,19.55,19.55
0,6375,38,Yes,74.05,2802.3
0,6376,23,No,40.1,857.75
0,6377,10,Yes,20.1,184.4
0,6378,4,Yes,101.7,364.55
0,6379,72,Yes,83.55,6093.3
0,6380,35,Yes,56.85,1861.1
0,6381,1,Yes,20.4,20.4
0,6382,58,Yes,19.55,1079.65
0,6383,70,Yes,106.15,7475.1
0,6384,38,Yes,78.95,2862.55
0,6385,60,No,49.75,3069.45
0,6386,26,Yes,92.4,2349.8
0,6387,8,Yes,58.2,469.25
0,6388,41,Yes,102.6,4213.35
1,6389,36,Yes,91.95,3301.05
1,6390,54,Yes,65.25,3529.95
0,6391,71,Yes,106,7723.7
0,6392,55,Yes,73.1,4144.9
0,6393,72,Yes,59.75,4265
0,6394,3,Yes,55.1,154.65
0,6395,54,Yes,59.8,3246.45
0,6396,72,Yes,116.6,8337.45
0,6397,52,Yes,109.3,5731.4
1,6398,60,Yes,101.4,6176.6
0,6399,39,No,50.65,1905.4
0,6400,15,Yes,56.15,931.9
0,6401,69,Yes,106.5,7348.8
0,6402,43,Yes,19.2,776.25
1,6403,63,Yes,83,5243.05
1,6404,2,Yes,70.1,141.65
0,6405,72,Yes,108.3,7679.65
0,6406,32,Yes,91.05,2954.5
0,6407,40,Yes,25.25,1006.9
0,6408,58,No,45.35,2540.1
0,6409,67,No,43.9,3097.2
1,6410,51,Yes,77.5,3807.35
0,6411,31,Yes,79.3,2484
1,6412,69,Yes,84.9,5785.65
0,6413,32,Yes,79.25,2619.15
0,6414,21,Yes,71.05,1524.85
0,6415,52,Yes,53.75,2790.65
0,6416,72,Yes,24.25,1784.5
0,6417,72,No,54.2,3937.45
0,6418,52,No,44.25,2276.1
0,6419,41,Yes,50.05,2029.05
0,6420,41,Yes,20.15,802.35
0,6421,6,Yes,69.25,418.4
0,6422,67,Yes,69.35,4653.25
0,6423,16,Yes,19.35,275.9
0,6424,17,Yes,19.15,343.45
0,6425,35,Yes,61,2130.45
0,6426,58,Yes,20.5,1191.4
0,6427,1,Yes,50.5,50.5
0,6428,52,No,50.2,2554
0,6429,70,Yes,79.6,5589.45
0,6430,19,Yes,24.9,467.7
1,6431,1,Yes,74.4,74.4
0,6432,35,Yes,106.9,3756.45
0,6433,32,Yes,101.35,3334.9
0,6434,17,Yes,55.35,920.5
0,6435,67,Yes,50.55,3431.75
0,6436,9,Yes,19.5,150.35
0,6437,31,Yes,79.45,2587.7
0,6438,4,Yes,90.65,367.95
1,6439,58,Yes,89.85,5125.75
0,6440,60,Yes,79,4801.1
0,6441,58,Yes,104.65,6219.6
0,6442,1,Yes,19.55,19.55
0,6443,27,Yes,19.9,550.1
1,6444,66,Yes,116.25,7862.25
0,6445,15,Yes,87.75,1242.2
1,6446,47,Yes,100.05,4871.05
0,6447,41,Yes,81.3,3190.65
0,6448,59,No,44.3,2666.75
0,6449,50,Yes,70.35,3533.6
0,6450,17,No,44.45,792.15
0,6451,6,Yes,49.15,295.65
1,6452,51,No,29.45,1459.35
0,6453,44,Yes,100.55,4398.15
0,6454,49,Yes,85.3,4297.95
0,6455,2,Yes,95.65,167.3
0,6456,59,Yes,69.1,4096.9
1,6457,50,Yes,70.35,3454.6
0,6458,59,Yes,20.6,1286
0,6459,18,Yes,74.15,1387
0,6460,10,Yes,75.05,786.3
0,6461,14,Yes,44.6,641.25
0,6462,35,Yes,21.45,705.45
0,6463,8,Yes,43.45,345.5
0,6464,18,Yes,20.05,345.9
0,6465,60,Yes,94.15,5811.8
0,6466,1,Yes,94.4,94.4
0,6467,6,Yes,19.55,124.45
0,6468,19,Yes,75.9,1375.6
0,6469,53,Yes,64.15,3491.55
1,6470,72,Yes,109.55,7920.7
0,6471,60,Yes,110.8,6640.7
0,6472,1,Yes,55,55
0,6473,13,Yes,53.45,718.1
0,6474,5,Yes,69.95,320.4
0,6475,1,Yes,101.45,101.45
0,6476,13,Yes,97,1334.45
0,6477,37,Yes,90.6,3358.65
0,6478,64,Yes,73.55,4764
0,6479,5,Yes,67.95,350.3
0,6480,61,Yes,94.35,5703
0,6481,1,Yes,69.5,69.5
0,6482,1,Yes,18.85,18.85
0,6483,26,Yes,19.4,525.55
0,6484,1,Yes,69.2,69.2
0,6485,24,Yes,19.75,483.15
0,6486,17,No,54.6,934.8
0,6487,26,No,29.8,786.5
0,6488,1,Yes,69.65,69.65
1,6489,40,Yes,101.85,4086.3
0,6490,52,Yes,103.05,5364.8
0,6491,1,Yes,82.3,82.3
0,6492,1,Yes,20.3,20.3
0,6493,21,No,35.1,770.4
0,6494,67,Yes,105.7,6816.95
0,6495,44,Yes,56.25,2419.55
0,6496,70,No,60.35,4138.7
0,6497,3,Yes,79.25,267.6
0,6498,56,Yes,59.8,3457.45
0,6499,13,Yes,84.6,1115.2
0,6500,58,Yes,93.4,5435.6
0,6501,42,Yes,94.2,4186.3
1,6502,1,No,25.05,25.05
0,6503,46,Yes,99.65,4630.2
0,6504,63,Yes,50.65,3221.25
0,6505,11,Yes,60.9,688.5
0,6506,15,Yes,59.65,867.1
0,6507,72,No,64.7,4746.05
0,6508,29,No,25.1,712.85
0,6509,1,Yes,48.95,48.95
0,6510,6,Yes,54.85,355.1
0,6511,1,Yes,45.3,45.3
0,6512,63,Yes,91.35,5764.7
0,6513,2,Yes,85.85,167.3
0,6514,18,Yes,25.1,428.45
0,6515,43,No,34,1505.35
0,6516,15,No,45.9,693.45
0,6517,10,Yes,95.2,930.4
0,6518,55,Yes,20.5,1177.95
0,6519,49,Yes,100.6,5069.65
0,6520,6,Yes,55.3,324.25
0,6521,70,Yes,20.35,1458.1
1,6522,2,Yes,74.85,156.4
1,6523,63,No,36.1,2298.9
0,6524,25,Yes,65.8,1679.65
1,6525,18,Yes,20.35,369.6
1,6526,28,Yes,105.8,2998
1,6527,53,Yes,96.75,5206.55
0,6528,35,Yes,102.35,3626.1
0,6529,1,No,24.4,24.4
0,6530,70,Yes,115.65,7968.85
0,6531,2,Yes,79.85,152.45
0,6532,26,Yes,73.05,1959.5
0,6533,34,Yes,64.35,2053.05
0,6534,19,Yes,20.5,398.55
0,6535,15,Yes,76,1130.85
0,6536,62,Yes,54.75,3425.35
1,6537,42,Yes,104.75,4323.45
0,6538,9,Yes,74.65,703.55
0,6539,24,Yes,51.15,1275.7
1,6540,68,No,41.95,2965.75
0,6541,31,Yes,54.35,1647
0,6542,1,Yes,56.25,56.25
0,6543,21,Yes,106.1,2249.95
0,6544,63,Yes,96,6109.75
1,6545,2,Yes,79.75,159.4
0,6546,61,No,61.45,3751.15
0,6547,1,Yes,68.65,68.65
0,6548,18,Yes,19.65,411.25
0,6549,6,Yes,19,105.5
0,6550,33,Yes,100,3320.6
0,6551,16,Yes,20.25,327.45
0,6552,56,Yes,98.7,5669.5
0,6553,23,Yes,19.8,465.45
0,6554,9,Yes,73.8,704.3
1,6555,14,Yes,100.2,1369.8
0,6556,15,Yes,74.9,1107.25
0,6557,5,Yes,20.05,95.55
0,6558,61,Yes,106.2,6375.2
0,6559,70,Yes,116.55,8152.3
0,6560,15,Yes,99.7,1566.75
0,6561,8,Yes,19.7,130.25
0,6562,8,Yes,19.5,162.15
0,6563,4,No,29.15,110.05
0,6564,34,Yes,55,1885.15
0,6565,68,Yes,90.8,6302.85
0,6566,45,No,51,2264.5
1,6567,9,Yes,90.1,816.8
0,6568,22,Yes,59.05,1253.5
0,6569,2,Yes,20.3,41.2
0,6570,70,Yes,72.95,5265.55
0,6571,10,Yes,73.55,693.3
0,6572,72,Yes,84.3,5997.1
0,6573,49,Yes,78,3824.2
1,6574,54,Yes,72.1,3886.05
0,6575,71,Yes,106.75,7283.25
0,6576,22,Yes,19.25,412.55
0,6577,50,Yes,20.55,1070.25
0,6578,43,Yes,20,817.95
0,6579,45,Yes,24.65,1171.3
1,6580,64,Yes,103.5,6548.65
0,6581,23,Yes,23.85,625.65
0,6582,68,Yes,25.8,1911.5
0,6583,1,Yes,70.85,70.85
0,6584,2,Yes,69.8,134.7
0,6585,26,Yes,59.45,1507
0,6586,55,No,54.55,2978.3
0,6587,14,Yes,20.05,299.3
0,6588,71,Yes,82.55,5832.65
0,6589,64,Yes,81.25,5567.55
0,6590,7,Yes,70.75,450.8
0,6591,57,Yes,74.3,4166.35
0,6592,13,Yes,94.1,1215.6
0,6593,3,No,29.7,91.7
1,6594,72,Yes,109.7,7898.45
0,6595,40,Yes,96.35,3915.4
0,6596,14,Yes,66.6,979.5
0,6597,2,Yes,44.5,90.05
1,6598,66,Yes,110.9,7432.05
0,6599,38,Yes,105,4026.4
0,6600,1,No,25.3,25.3
0,6601,22,Yes,55.15,1193.05
0,6602,1,Yes,20.1,20.1
0,6603,5,Yes,80.1,398.55
0,6604,29,Yes,69.05,1958.45
0,6605,1,Yes,69.9,69.9
0,6606,3,Yes,20.4,63.15
0,6607,71,Yes,19.7,1301.1
0,6608,9,Yes,50.1,484.05
0,6609,43,Yes,101.4,4528
0,6610,48,Yes,83.45,3887.85
0,6611,26,Yes,86.65,2208.75
0,6612,9,Yes,20.15,238.15
0,6613,1,Yes,80.8,80.8
0,6614,46,Yes,19.4,958.15
0,6615,2,Yes,62.05,118.3
1,6616,1,Yes,76.45,76.45
0,6617,64,No,60.05,3845.45
1,6618,12,Yes,91.3,1094.5
1,6619,6,Yes,95.75,573.75
0,6620,59,Yes,20.35,1267
0,6621,7,Yes,94.05,633.45
1,6622,72,Yes,84.1,6129.65
1,6623,16,Yes,78.75,1218.25
0,6624,25,Yes,55.55,1405.3
0,6625,34,Yes,62.65,2274.9
0,6626,1,Yes,74.5,74.5
0,6627,10,Yes,102.1,1068.85
0,6628,24,Yes,20.1,533.9
0,6629,10,Yes,70.3,676.15
0,6630,69,Yes,53.65,3804.4
0,6631,57,Yes,20.75,1118.8
0,6632,50,Yes,103.4,5236.4
0,6633,28,No,50.8,1386.8
0,6634,16,Yes,50.15,762.25
0,6635,25,Yes,79,1902
1,6636,3,Yes,74.6,239.05
0,6637,61,Yes,96.5,5673.7
0,6638,2,Yes,20.1,39.8
0,6639,51,Yes,19.4,997.75
0,6640,71,Yes,77.55,5574.35
0,6641,20,Yes,20.05,406.05
0,6642,6,Yes,19.85,138.85
0,6643,6,Yes,20.2,123.65
0,6644,29,Yes,67.45,1801.1
0,6645,36,Yes,18.55,689
0,6646,28,No,29.75,790.7
0,6647,7,Yes,86.5,582.5
0,6648,63,Yes,24.2,1618.2
0,6649,48,Yes,23.55,1173.35
0,6650,49,Yes,20.45,900.9
1,6651,27,Yes,81.45,2122.05
0,6652,72,Yes,92.3,6719.9
0,6653,1,Yes,69.15,69.15
0,6654,72,No,53.65,3784
0,6655,47,No,39.65,1798.65
0,6656,1,Yes,54.65,54.65
0,6657,36,Yes,104.8,3886.45
0,6658,43,No,29.3,1224.05
1,6659,27,Yes,83.85,2310.2
0,6660,9,Yes,79.55,723.4
0,6661,38,Yes,103.65,3988.5
1,6662,35,Yes,99.05,3554.6
0,6663,59,Yes,100.05,6034.85
0,6664,27,Yes,20.35,531.6
1,6665,2,Yes,43.95,85.1
0,6666,7,Yes,23.5,173
0,6667,36,Yes,70.7,2511.95
0,6668,41,Yes,94.3,3893.6
0,6669,13,No,29.15,357.15
0,6670,19,Yes,20.85,467.5
0,6671,60,No,37.7,2288.7
0,6672,48,Yes,95.5,4627.85
1,6673,3,Yes,91.05,289.1
0,6674,69,Yes,92.45,6460.55
0,6675,43,No,44.15,1931.3
0,6676,11,No,36.05,402.6
0,6677,45,Yes,50.25,2221.55
0,6678,72,Yes,109.75,7758.9
1,6679,2,Yes,79.2,172.85
0,6680,12,Yes,20.3,224.5
0,6681,67,Yes,112.35,7388.45
0,6682,37,Yes,94.3,3460.95
0,6683,39,No,41.15,1700.9
0,6684,41,Yes,74.65,3090.65
0,6685,25,No,48.25,1293.8
0,6686,8,Yes,76.15,645.8
0,6687,71,Yes,71.1,5224.95
0,6688,5,Yes,96.55,500.1
0,6689,30,Yes,79.3,2427.1
0,6690,40,Yes,89.6,3488.15
0,6691,54,Yes,20.5,1035.7
0,6692,72,Yes,106.3,7565.35
0,6693,28,Yes,100.35,2799
0,6694,18,Yes,85.6,1601.5
0,6695,2,No,45.25,85.5
0,6696,59,Yes,106.15,6256.2
0,6697,22,Yes,51.1,1232.9
0,6698,1,Yes,19.9,19.9
1,6699,72,Yes,25.7,1937.4
1,6700,14,Yes,74.3,1096.25
0,6701,50,Yes,99.4,5059.75
0,6702,48,Yes,69.7,3023.65
0,6703,49,Yes,98.35,4889.2
0,6704,28,Yes,85.45,2289.9
1,6705,68,Yes,95.9,6503.2
0,6706,13,Yes,100.75,1313.25
0,6707,11,Yes,89.2,990.3
0,6708,3,Yes,74.1,228
1,6709,57,Yes,100.6,5746.15
0,6710,3,Yes,75,209.1
0,6711,72,Yes,25.75,1864.2
0,6712,70,Yes,84.1,5979.7
0,6713,49,Yes,79.3,3902.45
1,6714,67,Yes,107.05,7142.5
0,6715,46,Yes,20.05,902
1,6716,64,Yes,70.2,4481
0,6717,37,Yes,19.5,805.2
1,6718,2,Yes,70.75,154.85
1,6719,13,No,45.3,528.45
0,6720,72,Yes,115.15,8349.7
0,6721,68,Yes,72.95,4953.25
0,6722,15,Yes,19.65,332.65
0,6723,24,Yes,19.55,470.2
0,6724,24,Yes,89.55,2259.35
0,6725,27,Yes,50.35,1411.35
0,6726,12,Yes,50.25,593.75
0,6727,71,Yes,87.25,6328.7
0,6728,67,Yes,20.8,1411.9
0,6729,63,Yes,109.25,6841.4
0,6730,1,Yes,20.35,20.35
0,6731,4,Yes,55.9,238.5
1,6732,40,Yes,79.2,3233.85
0,6733,12,Yes,96,1062.1
0,6734,52,Yes,79.2,4016.3
0,6735,10,Yes,24,226.55
0,6736,68,Yes,101.35,7110.75
0,6737,54,Yes,100.1,5440.9
0,6738,4,Yes,56.5,235.1
0,6739,52,No,35.45,1958.95
1,6740,1,Yes,85,85
0,6741,70,Yes,79.4,5528.9
0,6742,43,No,35.2,1463.7
0,6743,52,Yes,19.65,1025.05
0,6744,12,No,49.85,552.1
0,6745,56,Yes,68.75,3815.4
0,6746,42,Yes,79.9,3313.4
1,6747,22,Yes,89.75,1938.9
0,6748,51,No,59.3,3014.65
0,6749,27,Yes,19.4,460.25
1,6750,51,Yes,93.65,4839.15
0,6751,4,Yes,49.4,184.4
0,6752,1,Yes,19.9,19.9
0,6753,35,Yes,55,2010.55
1,6754,71,Yes,72.9,5139.65
0,6755,1,Yes,69.2,69.2
0,6756,69,Yes,25.6,1673.4
0,6757,14,Yes,19.75,309.35
0,6758,57,Yes,55.7,3171.6
0,6759,72,Yes,117.5,8670.1
0,6760,48,Yes,19.85,916
0,6761,4,Yes,78.9,299.75
0,6762,31,Yes,20.65,702.05
0,6763,38,Yes,62.3,2354.8
1,6764,37,Yes,92.5,3473.4
0,6765,1,Yes,19.65,19.65
1,6766,57,Yes,79.75,4438.2
1,6767,62,Yes,79.95,4819.75
0,6768,3,No,29.9,92.25
0,6769,72,Yes,19.75,1567
0,6770,29,No,45,1242.45
0,6771,13,Yes,44.8,559.2
0,6772,3,Yes,69.65,220.1
0,6773,11,Yes,51.1,531.15
0,6774,21,No,53.15,1183.2
0,6775,19,Yes,24.7,465.85
0,6776,61,Yes,111.6,6876.05
0,6777,11,Yes,48.55,501
0,6778,35,Yes,109.95,3782.4
0,6779,25,Yes,20.8,460.2
0,6780,1,Yes,20.2,20.2
0,6781,67,Yes,25.6,1790.35
0,6782,19,No,39.65,733.35
0,6783,56,Yes,24.9,1334
0,6784,72,Yes,108.4,7767.25
0,6785,43,Yes,19.55,876.15
0,6786,55,Yes,85.1,4600.95
0,6787,2,Yes,56.7,113.55
0,6788,27,Yes,69.05,1793.25
0,6789,13,Yes,70.15,886.7
0,6790,70,Yes,111.15,7737.55
0,6791,14,Yes,105.95,1348.9
0,6792,19,Yes,89.35,1686.85
0,6793,20,Yes,89.1,1879.25
0,6794,43,Yes,91.25,4013.8
0,6795,5,Yes,90.35,434.5
1,6796,70,Yes,105.55,7195.35
0,6797,40,Yes,19.1,780.1
0,6798,6,Yes,20.4,107.6
0,6799,39,Yes,100.45,3801.7
1,6800,4,Yes,74.95,308.7
0,6801,15,No,29.7,438.25
0,6802,1,No,50.35,50.35
1,6803,45,Yes,85.7,3778.1
0,6804,64,No,47.85,3147.5
1,6805,57,Yes,94,5438.95
0,6806,72,Yes,69.85,5102.35
0,6807,1,Yes,70.3,70.3
0,6808,72,Yes,25.85,1872.2
0,6809,3,Yes,71.1,213.35
1,6810,55,Yes,98.8,5617.75
0,6811,59,Yes,93.35,5386.5
0,6812,18,Yes,99.85,1776.95
1,6813,32,Yes,80.3,2483.05
0,6814,4,Yes,50.55,235.65
1,6815,66,Yes,80.45,5224.35
0,6816,27,Yes,81.3,2272.8
0,6817,4,Yes,20.7,83.75
0,6818,60,Yes,79.05,4663.4
0,6819,8,Yes,19.05,201.7
0,6820,8,Yes,19.6,125
0,6821,35,Yes,20.2,684.4
0,6822,7,Yes,86.8,620.35
0,6823,53,Yes,20.9,1146.05
1,6824,18,Yes,103.6,1806.35
0,6825,15,No,38.8,603
0,6826,67,Yes,88.4,5798.3
1,6827,6,Yes,84.2,519.15
1,6828,6,Yes,79.7,497.6
0,6829,13,Yes,99,1301.7
0,6830,11,Yes,100.75,1129.75
0,6831,1,Yes,19.3,19.3
0,6832,5,Yes,55.75,266.95
0,6833,13,Yes,19.95,257
0,6834,9,Yes,91.75,865.8
0,6835,29,Yes,89.65,2623.65
1,6836,1,Yes,45.85,45.85
0,6837,1,Yes,79.55,79.55
0,6838,18,Yes,55.95,1082.8
0,6839,2,Yes,69,147.8
0,6840,30,Yes,83.55,2570.2
0,6841,66,Yes,65.7,4378.9
0,6842,38,Yes,94.9,3616.25
0,6843,44,Yes,61.9,2924.05
0,6844,54,Yes,111.1,6014.85
0,6845,2,Yes,20,32.7
0,6846,42,Yes,67.7,2882.25
0,6847,58,Yes,25.15,1509.9
0,6848,58,Yes,92.85,5305.05
0,6849,25,Yes,89.1,2368.4
0,6850,71,Yes,111.3,7985.9
0,6851,37,Yes,101.9,3545.35
0,6852,14,Yes,91.65,1301
1,6853,4,Yes,88.85,372.45
0,6854,48,Yes,60.6,2985.25
1,6855,3,No,25.3,77.75
0,6856,8,Yes,65.5,564.35
0,6857,1,Yes,95.45,95.45
0,6858,67,Yes,19.95,1311.75
0,6859,13,Yes,91.1,1135.7
0,6860,45,Yes,54.15,2319.8
0,6861,49,Yes,74.6,3720.35
0,6862,52,Yes,94.6,5025.8
0,6863,63,Yes,81.15,5224.5
0,6864,68,Yes,89.05,6185.8
0,6865,31,Yes,49.2,1498.55
0,6866,64,Yes,19.45,1208.6
0,6867,62,Yes,104.3,6613.65
0,6868,1,Yes,69.7,69.7
0,6869,6,Yes,89.5,573.3
0,6870,21,Yes,86.05,1818.9
0,6871,72,Yes,25.2,1787.35
0,6872,32,No,35.15,1051.05
1,6873,71,Yes,99.65,7181.25
0,6874,34,Yes,105.35,3688.6
0,6875,3,No,35.15,99.75
0,6876,12,Yes,73.75,871.4
1,6877,8,Yes,101.35,780.5
0,6878,35,Yes,24.3,821.6
0,6879,3,Yes,80.7,239.45
0,6880,3,Yes,89.85,244.45
0,6881,53,Yes,61.1,3357.9
0,6882,4,No,29.05,129.6
0,6883,48,Yes,99.7,4977.2
0,6884,6,Yes,55.9,365.35
1,6885,3,Yes,105.9,334.65
0,6886,54,No,46,2424.05
0,6887,1,Yes,43.95,43.95
0,6888,62,Yes,80.4,4981.15
0,6889,22,Yes,100.05,2090.25
0,6890,1,Yes,45.1,45.1
1,6891,51,Yes,94,4905.75
0,6892,30,Yes,68.95,2038.7
1,6893,56,Yes,68.45,4014
0,6894,35,Yes,69,2441.7
1,6895,64,No,43.85,2751
0,6896,30,No,44.5,1307.8
0,6897,25,Yes,18.7,383.65
0,6898,41,Yes,70.25,2868.05
0,6899,9,Yes,55.35,449.75
0,6900,1,Yes,53.55,53.55
0,6901,70,Yes,114.6,7882.5
0,6902,57,Yes,20.1,1087.7
0,6903,9,Yes,85.5,791.7
0,6904,69,Yes,108.75,7493.05
1,6905,43,Yes,103,4414.3
0,6906,72,Yes,97.85,6841.3
0,6907,44,Yes,19.55,819.95
0,6908,72,Yes,84.05,6052.25
0,6909,33,Yes,103.75,3361.05
0,6910,54,Yes,89.4,4869.5
0,6911,27,Yes,19.7,509.3
0,6912,54,Yes,79.85,4308.25
0,6913,3,Yes,74.45,221.1
0,6914,53,Yes,74.1,3833.95
0,6915,1,Yes,69.35,69.35
0,6916,15,Yes,18.8,294.95
0,6917,56,Yes,73.85,4092.85
0,6918,5,Yes,64.4,316.9
0,6919,48,Yes,55.8,2651.2
0,6920,25,Yes,20.05,471.7
0,6921,3,Yes,75.15,216.75
0,6922,58,Yes,99.15,5720.95
0,6923,10,Yes,56.75,503.25
0,6924,1,Yes,69.6,69.6
0,6925,71,Yes,104.15,7365.3
0,6926,65,Yes,110.8,7245.9
0,6927,5,Yes,80.15,385
0,6928,28,No,35.75,961.4
0,6929,67,Yes,69.9,4615.9
0,6930,35,Yes,89.2,3251.3
0,6931,72,No,55.65,3880.05
0,6932,61,No,50.7,3088.75
1,6933,68,Yes,20,1396
0,6934,1,No,30.5,30.5
0,6935,3,Yes,19.1,53.05
0,6936,70,Yes,98.3,6859.5
0,6937,48,No,45.55,2108.35
0,6938,68,Yes,101.05,6770.5
0,6939,47,Yes,103.7,4730.6
0,6940,32,No,36.25,1151.05
0,6941,5,Yes,49.4,232.55
0,6942,49,Yes,19.9,1022.6
0,6943,48,Yes,107.4,5121.3
1,6944,13,Yes,82,1127.2
0,6945,15,Yes,19.8,309.4
0,6946,12,Yes,45.05,523.1
1,6947,67,Yes,64.55,4250.1
0,6948,9,Yes,86.25,770.5
0,6949,13,Yes,19.75,246.7
0,6950,38,Yes,89.1,3342
1,6951,42,Yes,95.55,3930.6
0,6952,24,Yes,75.4,1747.85
1,6953,27,Yes,101.25,2754.45
0,6954,9,Yes,102.6,897.75
0,6955,49,No,56.3,2780.6
1,6956,61,Yes,94.2,5895.45
0,6957,50,No,43.05,2208.05
1,6958,25,Yes,89.5,2196.15
1,6959,22,Yes,74.4,1692.6
0,6960,1,Yes,20.5,20.5
0,6961,4,Yes,74.35,265.35
1,6962,18,Yes,99.75,1836.25
1,6963,56,Yes,111.95,6418.9
1,6964,53,Yes,94,4871.45
0,6965,51,Yes,98.85,4947.55
0,6966,24,Yes,64.35,1558.65
0,6967,62,Yes,72,4284.2
0,6968,24,Yes,49.7,1218.25
0,6969,70,Yes,80.7,5617.95
0,6970,1,No,24.2,24.2
1,6971,16,No,39,679.85
0,6972,8,Yes,65.45,554.45
0,6973,72,Yes,74.35,5237.4
0,6974,23,Yes,83.2,2032.3
0,6975,31,No,25,789.2
0,6976,37,No,40.2,1525.35
0,6977,30,Yes,94.1,2804.45
1,6978,35,Yes,108.35,3726.15
0,6979,23,Yes,69.5,1652.1
0,6980,20,Yes,76,1588.75
0,6981,36,Yes,93.6,3366.05
0,6982,8,Yes,95.65,778.1
0,6983,71,Yes,100.55,7113.75
1,6984,50,Yes,88.05,4367.35
0,6985,43,Yes,24.45,993.15
0,6986,57,Yes,89.55,5012.35
0,6987,41,Yes,66.5,2728.6
0,6988,27,Yes,76.1,2093.4
0,6989,13,Yes,80.5,1011.8
0,6990,3,No,35.45,106.85
0,6991,67,Yes,20.55,1343.4
0,6992,3,Yes,49.9,130.1
0,6993,64,Yes,105.4,6794.75
0,6994,26,No,35.75,1022.5
0,6995,38,Yes,95.1,3691.2
0,6996,23,Yes,19.3,486.2
0,6997,40,Yes,104.5,4036.85
1,6998,72,No,63.1,4685.55
1,6999,3,Yes,75.05,256.25
0,7000,23,Yes,81,1917.1
1,7001,1,Yes,74.45,74.45
0,7002,4,Yes,60.4,272.15
0,7003,62,Yes,84.95,5150.55
0,7004,40,Yes,93.4,3756.4
0,7005,41,Yes,89.2,3645.75
1,7006,34,Yes,85.2,2874.45
0,7007,1,Yes,49.95,49.95
0,7008,51,Yes,20.65,1020.75
0,7009,1,Yes,70.65,70.65
0,7010,39,Yes,20.15,826
0,7011,12,Yes,19.2,239
0,7012,12,Yes,59.8,727.8
0,7013,72,Yes,104.95,7544.3
1,7014,63,Yes,103.5,6479.4
0,7015,44,Yes,84.8,3626.35
0,7016,18,Yes,95.05,1679.4
0,7017,9,Yes,44.2,403.35
0,7018,13,Yes,73.35,931.55
0,7019,68,Yes,64.1,4326.25
1,7020,6,No,44.4,263.05
0,7021,2,Yes,20.05,39.25
1,7022,55,Yes,60,3316.1
1,7023,1,Yes,75.75,75.75
0,7024,38,Yes,69.5,2625.25
0,7025,67,Yes,102.95,6886.25
0,7026,19,Yes,78.7,1495.1
0,7027,12,No,60.65,743.3
0,7028,72,Yes,21.15,1419.4
0,7029,24,Yes,84.8,1990.5
0,7030,72,Yes,103.2,7362.9
0,7031,11,No,29.6,346.45
1,7032,4,Yes,74.4,306.6
0,7033,66,Yes,105.65,6844.5
